case_id,protocol,membership,iteration,stage,objective,objective_kind
auto_stop__contiguous,auto_stop,contiguous,1,proxy,142.078568,eval_mse
auto_stop__contiguous,auto_stop,contiguous,2,proxy,138.196777,eval_mse
auto_stop__contiguous,auto_stop,contiguous,3,proxy,136.291473,eval_mse
auto_stop__contiguous,auto_stop,contiguous,4,proxy,135.119904,eval_mse
auto_stop__contiguous,auto_stop,contiguous,5,proxy,134.43222,eval_mse
auto_stop__contiguous,auto_stop,contiguous,6,proxy,133.848694,eval_mse
auto_stop__contiguous,auto_stop,contiguous,7,proxy,133.333984,eval_mse
auto_stop__contiguous,auto_stop,contiguous,8,proxy,132.989456,eval_mse
auto_stop__contiguous,auto_stop,contiguous,9,proxy,132.625702,eval_mse
auto_stop__contiguous,auto_stop,contiguous,10,proxy,132.381271,eval_mse
auto_stop__contiguous,auto_stop,contiguous,11,proxy,132.349289,eval_mse
auto_stop__contiguous,auto_stop,contiguous,12,proxy,132.190094,eval_mse
auto_stop__contiguous,auto_stop,contiguous,13,proxy,132.006439,eval_mse
auto_stop__contiguous,auto_stop,contiguous,14,proxy,131.834839,eval_mse
auto_stop__contiguous,auto_stop,contiguous,15,proxy,131.575058,eval_mse
auto_stop__contiguous,auto_stop,contiguous,16,proxy,131.380493,eval_mse
auto_stop__contiguous,auto_stop,contiguous,17,proxy,131.240021,eval_mse
auto_stop__contiguous,auto_stop,contiguous,18,proxy,131.097595,eval_mse
auto_stop__contiguous,auto_stop,contiguous,19,proxy,130.946075,eval_mse
auto_stop__contiguous,auto_stop,contiguous,20,proxy,130.812317,eval_mse
auto_stop__contiguous,auto_stop,contiguous,21,proxy,130.639252,eval_mse
auto_stop__contiguous,auto_stop,contiguous,22,proxy,130.561218,eval_mse
auto_stop__contiguous,auto_stop,contiguous,23,proxy,130.337219,eval_mse
auto_stop__contiguous,auto_stop,contiguous,24,proxy,130.213272,eval_mse
auto_stop__contiguous,auto_stop,contiguous,25,proxy,130.113297,eval_mse
auto_stop__contiguous,auto_stop,contiguous,26,proxy,129.946503,eval_mse
auto_stop__contiguous,auto_stop,contiguous,27,proxy,129.772064,eval_mse
auto_stop__contiguous,auto_stop,contiguous,28,proxy,129.744324,eval_mse
auto_stop__contiguous,auto_stop,contiguous,29,proxy,129.655838,eval_mse
auto_stop__contiguous,auto_stop,contiguous,30,proxy,129.513245,eval_mse
auto_stop__contiguous,auto_stop,contiguous,31,proxy,129.415863,eval_mse
auto_stop__contiguous,auto_stop,contiguous,32,proxy,129.250549,eval_mse
auto_stop__contiguous,auto_stop,contiguous,33,proxy,129.146378,eval_mse
auto_stop__contiguous,auto_stop,contiguous,34,proxy,129.082748,eval_mse
auto_stop__contiguous,auto_stop,contiguous,35,proxy,129.007111,eval_mse
auto_stop__contiguous,auto_stop,contiguous,36,proxy,128.906158,eval_mse
auto_stop__contiguous,auto_stop,contiguous,37,proxy,128.834625,eval_mse
auto_stop__contiguous,auto_stop,contiguous,38,proxy,128.822296,eval_mse
auto_stop__contiguous,auto_stop,contiguous,39,proxy,128.780014,eval_mse
auto_stop__contiguous,auto_stop,contiguous,40,proxy,128.754288,eval_mse
auto_stop__contiguous,auto_stop,contiguous,41,proxy,128.711014,eval_mse
auto_stop__contiguous,auto_stop,contiguous,42,proxy,128.603714,eval_mse
auto_stop__contiguous,auto_stop,contiguous,43,proxy,128.532181,eval_mse
auto_stop__contiguous,auto_stop,contiguous,44,proxy,128.441177,eval_mse
auto_stop__contiguous,auto_stop,contiguous,45,proxy,128.413376,eval_mse
auto_stop__contiguous,auto_stop,contiguous,46,proxy,128.32959,eval_mse
auto_stop__contiguous,auto_stop,contiguous,47,proxy,128.288849,eval_mse
auto_stop__contiguous,auto_stop,contiguous,48,proxy,128.19989,eval_mse
auto_stop__contiguous,auto_stop,contiguous,49,proxy,128.123154,eval_mse
auto_stop__contiguous,auto_stop,contiguous,50,proxy,128.009247,eval_mse
auto_stop__contiguous,auto_stop,contiguous,51,proxy,127.908859,eval_mse
auto_stop__contiguous,auto_stop,contiguous,52,proxy,127.896118,eval_mse
auto_stop__contiguous,auto_stop,contiguous,53,proxy,127.801727,eval_mse
auto_stop__contiguous,auto_stop,contiguous,54,proxy,127.730072,eval_mse
auto_stop__contiguous,auto_stop,contiguous,55,proxy,127.58371,eval_mse
auto_stop__contiguous,auto_stop,contiguous,56,proxy,127.53566,eval_mse
auto_stop__contiguous,auto_stop,contiguous,57,proxy,127.472809,eval_mse
auto_stop__contiguous,auto_stop,contiguous,58,proxy,127.461899,eval_mse
auto_stop__contiguous,auto_stop,contiguous,59,proxy,127.403389,eval_mse
auto_stop__contiguous,auto_stop,contiguous,60,proxy,127.291306,eval_mse
auto_stop__contiguous,auto_stop,contiguous,61,proxy,127.218391,eval_mse
auto_stop__contiguous,auto_stop,contiguous,62,proxy,127.09491,eval_mse
auto_stop__contiguous,auto_stop,contiguous,63,proxy,127.045494,eval_mse
auto_stop__contiguous,auto_stop,contiguous,64,proxy,126.969032,eval_mse
auto_stop__contiguous,auto_stop,contiguous,65,proxy,126.949959,eval_mse
auto_stop__contiguous,auto_stop,contiguous,66,proxy,126.913467,eval_mse
auto_stop__contiguous,auto_stop,contiguous,67,proxy,126.892357,eval_mse
auto_stop__contiguous,auto_stop,contiguous,68,proxy,126.805534,eval_mse
auto_stop__contiguous,auto_stop,contiguous,69,proxy,126.827339,eval_mse
auto_stop__contiguous,auto_stop,contiguous,70,proxy,126.756447,eval_mse
auto_stop__contiguous,auto_stop,contiguous,71,proxy,126.684166,eval_mse
auto_stop__contiguous,auto_stop,contiguous,72,proxy,126.631821,eval_mse
auto_stop__contiguous,auto_stop,contiguous,73,proxy,126.576698,eval_mse
auto_stop__contiguous,auto_stop,contiguous,74,proxy,126.495316,eval_mse
auto_stop__contiguous,auto_stop,contiguous,75,proxy,126.451569,eval_mse
auto_stop__contiguous,auto_stop,contiguous,76,proxy,126.390396,eval_mse
auto_stop__contiguous,auto_stop,contiguous,77,proxy,126.346703,eval_mse
auto_stop__contiguous,auto_stop,contiguous,78,proxy,126.298409,eval_mse
auto_stop__contiguous,auto_stop,contiguous,79,proxy,126.265961,eval_mse
auto_stop__contiguous,auto_stop,contiguous,80,proxy,126.216682,eval_mse
auto_stop__contiguous,auto_stop,contiguous,81,proxy,126.103172,eval_mse
auto_stop__contiguous,auto_stop,contiguous,82,proxy,126.003014,eval_mse
auto_stop__contiguous,auto_stop,contiguous,83,proxy,125.956108,eval_mse
auto_stop__contiguous,auto_stop,contiguous,84,proxy,125.869904,eval_mse
auto_stop__contiguous,auto_stop,contiguous,85,proxy,125.841484,eval_mse
auto_stop__contiguous,auto_stop,contiguous,86,proxy,125.77668,eval_mse
auto_stop__contiguous,auto_stop,contiguous,87,proxy,125.735031,eval_mse
auto_stop__contiguous,auto_stop,contiguous,88,proxy,125.681908,eval_mse
auto_stop__contiguous,auto_stop,contiguous,89,proxy,125.600464,eval_mse
auto_stop__contiguous,auto_stop,contiguous,90,proxy,125.61348,eval_mse
auto_stop__contiguous,auto_stop,contiguous,91,proxy,125.581833,eval_mse
auto_stop__contiguous,auto_stop,contiguous,92,proxy,125.568192,eval_mse
auto_stop__contiguous,auto_stop,contiguous,93,proxy,125.504471,eval_mse
auto_stop__contiguous,auto_stop,contiguous,94,proxy,125.495728,eval_mse
auto_stop__contiguous,auto_stop,contiguous,95,proxy,125.487122,eval_mse
auto_stop__contiguous,auto_stop,contiguous,96,proxy,125.42321,eval_mse
auto_stop__contiguous,auto_stop,contiguous,97,proxy,125.402138,eval_mse
auto_stop__contiguous,auto_stop,contiguous,98,proxy,125.384903,eval_mse
auto_stop__contiguous,auto_stop,contiguous,99,proxy,125.367188,eval_mse
auto_stop__contiguous,auto_stop,contiguous,100,proxy,125.335342,eval_mse
auto_stop__contiguous,auto_stop,contiguous,101,proxy,125.351311,eval_mse
auto_stop__contiguous,auto_stop,contiguous,102,proxy,125.304237,eval_mse
auto_stop__contiguous,auto_stop,contiguous,103,proxy,125.316902,eval_mse
auto_stop__contiguous,auto_stop,contiguous,104,proxy,125.290276,eval_mse
auto_stop__contiguous,auto_stop,contiguous,105,proxy,125.274002,eval_mse
auto_stop__contiguous,auto_stop,contiguous,106,proxy,125.26033,eval_mse
auto_stop__contiguous,auto_stop,contiguous,107,proxy,125.224426,eval_mse
auto_stop__contiguous,auto_stop,contiguous,108,proxy,125.219635,eval_mse
auto_stop__contiguous,auto_stop,contiguous,109,proxy,125.240219,eval_mse
auto_stop__contiguous,auto_stop,contiguous,110,proxy,125.269852,eval_mse
auto_stop__contiguous,auto_stop,contiguous,111,proxy,125.217163,eval_mse
auto_stop__contiguous,auto_stop,contiguous,112,proxy,125.224792,eval_mse
auto_stop__contiguous,auto_stop,contiguous,113,proxy,125.240013,eval_mse
auto_stop__contiguous,auto_stop,contiguous,114,proxy,125.217789,eval_mse
auto_stop__contiguous,auto_stop,contiguous,115,proxy,125.194,eval_mse
auto_stop__contiguous,auto_stop,contiguous,116,proxy,125.175568,eval_mse
auto_stop__contiguous,auto_stop,contiguous,117,proxy,125.168541,eval_mse
auto_stop__contiguous,auto_stop,contiguous,118,proxy,125.132912,eval_mse
auto_stop__contiguous,auto_stop,contiguous,119,proxy,125.154892,eval_mse
auto_stop__contiguous,auto_stop,contiguous,120,proxy,125.132706,eval_mse
auto_stop__contiguous,auto_stop,contiguous,121,proxy,125.062225,eval_mse
auto_stop__contiguous,auto_stop,contiguous,122,proxy,125.046951,eval_mse
auto_stop__contiguous,auto_stop,contiguous,123,proxy,125.069992,eval_mse
auto_stop__contiguous,auto_stop,contiguous,124,proxy,125.028763,eval_mse
auto_stop__contiguous,auto_stop,contiguous,125,proxy,125.000793,eval_mse
auto_stop__contiguous,auto_stop,contiguous,126,proxy,124.976486,eval_mse
auto_stop__contiguous,auto_stop,contiguous,127,proxy,124.981964,eval_mse
auto_stop__contiguous,auto_stop,contiguous,128,proxy,124.958443,eval_mse
auto_stop__contiguous,auto_stop,contiguous,129,exact,83.847702,eval_mse
auto_stop__learned,auto_stop,learned,1,proxy,130.740631,eval_mse
auto_stop__learned,auto_stop,learned,2,proxy,127.489609,eval_mse
auto_stop__learned,auto_stop,learned,3,proxy,125.84317,eval_mse
auto_stop__learned,auto_stop,learned,4,proxy,124.996246,eval_mse
auto_stop__learned,auto_stop,learned,5,proxy,124.503296,eval_mse
auto_stop__learned,auto_stop,learned,6,proxy,124.113312,eval_mse
auto_stop__learned,auto_stop,learned,7,proxy,123.88736,eval_mse
auto_stop__learned,auto_stop,learned,8,proxy,123.657715,eval_mse
auto_stop__learned,auto_stop,learned,9,proxy,123.462402,eval_mse
auto_stop__learned,auto_stop,learned,10,proxy,123.295883,eval_mse
auto_stop__learned,auto_stop,learned,11,proxy,123.239075,eval_mse
auto_stop__learned,auto_stop,learned,12,proxy,123.074516,eval_mse
auto_stop__learned,auto_stop,learned,13,proxy,122.993195,eval_mse
auto_stop__learned,auto_stop,learned,14,proxy,122.86972,eval_mse
auto_stop__learned,auto_stop,learned,15,proxy,122.765526,eval_mse
auto_stop__learned,auto_stop,learned,16,proxy,122.633392,eval_mse
auto_stop__learned,auto_stop,learned,17,proxy,122.603607,eval_mse
auto_stop__learned,auto_stop,learned,18,proxy,122.552597,eval_mse
auto_stop__learned,auto_stop,learned,19,proxy,122.493279,eval_mse
auto_stop__learned,auto_stop,learned,20,proxy,122.49823,eval_mse
auto_stop__learned,auto_stop,learned,21,proxy,122.433762,eval_mse
auto_stop__learned,auto_stop,learned,22,proxy,122.418045,eval_mse
auto_stop__learned,auto_stop,learned,23,proxy,122.435158,eval_mse
auto_stop__learned,auto_stop,learned,24,proxy,122.446312,eval_mse
auto_stop__learned,auto_stop,learned,25,proxy,122.458878,eval_mse
auto_stop__learned,auto_stop,learned,26,proxy,122.419075,eval_mse
auto_stop__learned,auto_stop,learned,27,proxy,122.405014,eval_mse
auto_stop__learned,auto_stop,learned,28,proxy,122.424904,eval_mse
auto_stop__learned,auto_stop,learned,29,proxy,122.42144,eval_mse
auto_stop__learned,auto_stop,learned,30,proxy,122.327728,eval_mse
auto_stop__learned,auto_stop,learned,31,proxy,122.336174,eval_mse
auto_stop__learned,auto_stop,learned,32,proxy,122.260086,eval_mse
auto_stop__learned,auto_stop,learned,33,proxy,122.273323,eval_mse
auto_stop__learned,auto_stop,learned,34,proxy,122.286331,eval_mse
auto_stop__learned,auto_stop,learned,35,proxy,122.261993,eval_mse
auto_stop__learned,auto_stop,learned,36,proxy,122.292801,eval_mse
auto_stop__learned,auto_stop,learned,37,proxy,122.372543,eval_mse
auto_stop__learned,auto_stop,learned,38,exact,79.7995,eval_mse
auto_stop__random_101,auto_stop,random_101,1,proxy,171.655243,eval_mse
auto_stop__random_101,auto_stop,random_101,2,proxy,165.793518,eval_mse
auto_stop__random_101,auto_stop,random_101,3,proxy,162.185211,eval_mse
auto_stop__random_101,auto_stop,random_101,4,proxy,159.858124,eval_mse
auto_stop__random_101,auto_stop,random_101,5,proxy,158.198959,eval_mse
auto_stop__random_101,auto_stop,random_101,6,proxy,156.79985,eval_mse
auto_stop__random_101,auto_stop,random_101,7,proxy,155.51535,eval_mse
auto_stop__random_101,auto_stop,random_101,8,proxy,154.714127,eval_mse
auto_stop__random_101,auto_stop,random_101,9,proxy,154.059174,eval_mse
auto_stop__random_101,auto_stop,random_101,10,proxy,153.735809,eval_mse
auto_stop__random_101,auto_stop,random_101,11,proxy,152.993011,eval_mse
auto_stop__random_101,auto_stop,random_101,12,proxy,152.581375,eval_mse
auto_stop__random_101,auto_stop,random_101,13,proxy,151.975983,eval_mse
auto_stop__random_101,auto_stop,random_101,14,proxy,151.4832,eval_mse
auto_stop__random_101,auto_stop,random_101,15,proxy,151.060822,eval_mse
auto_stop__random_101,auto_stop,random_101,16,proxy,150.779572,eval_mse
auto_stop__random_101,auto_stop,random_101,17,proxy,150.521301,eval_mse
auto_stop__random_101,auto_stop,random_101,18,proxy,150.276321,eval_mse
auto_stop__random_101,auto_stop,random_101,19,proxy,150.201477,eval_mse
auto_stop__random_101,auto_stop,random_101,20,proxy,150.062164,eval_mse
auto_stop__random_101,auto_stop,random_101,21,proxy,149.865997,eval_mse
auto_stop__random_101,auto_stop,random_101,22,proxy,149.649963,eval_mse
auto_stop__random_101,auto_stop,random_101,23,proxy,149.598816,eval_mse
auto_stop__random_101,auto_stop,random_101,24,proxy,149.439926,eval_mse
auto_stop__random_101,auto_stop,random_101,25,proxy,149.411407,eval_mse
auto_stop__random_101,auto_stop,random_101,26,proxy,149.298492,eval_mse
auto_stop__random_101,auto_stop,random_101,27,proxy,149.128433,eval_mse
auto_stop__random_101,auto_stop,random_101,28,proxy,149.051147,eval_mse
auto_stop__random_101,auto_stop,random_101,29,proxy,148.901718,eval_mse
auto_stop__random_101,auto_stop,random_101,30,proxy,148.65979,eval_mse
auto_stop__random_101,auto_stop,random_101,31,proxy,148.49649,eval_mse
auto_stop__random_101,auto_stop,random_101,32,proxy,148.295898,eval_mse
auto_stop__random_101,auto_stop,random_101,33,proxy,148.157227,eval_mse
auto_stop__random_101,auto_stop,random_101,34,proxy,147.950775,eval_mse
auto_stop__random_101,auto_stop,random_101,35,proxy,147.780823,eval_mse
auto_stop__random_101,auto_stop,random_101,36,proxy,147.534042,eval_mse
auto_stop__random_101,auto_stop,random_101,37,proxy,147.402359,eval_mse
auto_stop__random_101,auto_stop,random_101,38,proxy,147.29364,eval_mse
auto_stop__random_101,auto_stop,random_101,39,proxy,147.183167,eval_mse
auto_stop__random_101,auto_stop,random_101,40,proxy,147.056732,eval_mse
auto_stop__random_101,auto_stop,random_101,41,proxy,146.773239,eval_mse
auto_stop__random_101,auto_stop,random_101,42,proxy,146.666626,eval_mse
auto_stop__random_101,auto_stop,random_101,43,proxy,146.554047,eval_mse
auto_stop__random_101,auto_stop,random_101,44,proxy,146.364655,eval_mse
auto_stop__random_101,auto_stop,random_101,45,proxy,146.239532,eval_mse
auto_stop__random_101,auto_stop,random_101,46,proxy,146.092468,eval_mse
auto_stop__random_101,auto_stop,random_101,47,proxy,146.111664,eval_mse
auto_stop__random_101,auto_stop,random_101,48,proxy,146.026886,eval_mse
auto_stop__random_101,auto_stop,random_101,49,proxy,145.866547,eval_mse
auto_stop__random_101,auto_stop,random_101,50,proxy,145.721039,eval_mse
auto_stop__random_101,auto_stop,random_101,51,proxy,145.59021,eval_mse
auto_stop__random_101,auto_stop,random_101,52,proxy,145.493973,eval_mse
auto_stop__random_101,auto_stop,random_101,53,proxy,145.471619,eval_mse
auto_stop__random_101,auto_stop,random_101,54,proxy,145.409744,eval_mse
auto_stop__random_101,auto_stop,random_101,55,proxy,145.395477,eval_mse
auto_stop__random_101,auto_stop,random_101,56,proxy,145.281982,eval_mse
auto_stop__random_101,auto_stop,random_101,57,proxy,145.175598,eval_mse
auto_stop__random_101,auto_stop,random_101,58,proxy,145.157349,eval_mse
auto_stop__random_101,auto_stop,random_101,59,proxy,144.999786,eval_mse
auto_stop__random_101,auto_stop,random_101,60,proxy,144.986374,eval_mse
auto_stop__random_101,auto_stop,random_101,61,proxy,144.945496,eval_mse
auto_stop__random_101,auto_stop,random_101,62,proxy,144.840363,eval_mse
auto_stop__random_101,auto_stop,random_101,63,proxy,144.710693,eval_mse
auto_stop__random_101,auto_stop,random_101,64,proxy,144.629852,eval_mse
auto_stop__random_101,auto_stop,random_101,65,proxy,144.5867,eval_mse
auto_stop__random_101,auto_stop,random_101,66,proxy,144.516998,eval_mse
auto_stop__random_101,auto_stop,random_101,67,proxy,144.458054,eval_mse
auto_stop__random_101,auto_stop,random_101,68,proxy,144.4048,eval_mse
auto_stop__random_101,auto_stop,random_101,69,proxy,144.360413,eval_mse
auto_stop__random_101,auto_stop,random_101,70,proxy,144.333099,eval_mse
auto_stop__random_101,auto_stop,random_101,71,proxy,144.279083,eval_mse
auto_stop__random_101,auto_stop,random_101,72,proxy,144.197723,eval_mse
auto_stop__random_101,auto_stop,random_101,73,proxy,144.190628,eval_mse
auto_stop__random_101,auto_stop,random_101,74,proxy,144.121033,eval_mse
auto_stop__random_101,auto_stop,random_101,75,proxy,144.048615,eval_mse
auto_stop__random_101,auto_stop,random_101,76,proxy,143.995544,eval_mse
auto_stop__random_101,auto_stop,random_101,77,proxy,143.904114,eval_mse
auto_stop__random_101,auto_stop,random_101,78,proxy,143.903809,eval_mse
auto_stop__random_101,auto_stop,random_101,79,proxy,143.831207,eval_mse
auto_stop__random_101,auto_stop,random_101,80,proxy,143.845581,eval_mse
auto_stop__random_101,auto_stop,random_101,81,proxy,143.797668,eval_mse
auto_stop__random_101,auto_stop,random_101,82,proxy,143.719788,eval_mse
auto_stop__random_101,auto_stop,random_101,83,proxy,143.702133,eval_mse
auto_stop__random_101,auto_stop,random_101,84,proxy,143.596085,eval_mse
auto_stop__random_101,auto_stop,random_101,85,proxy,143.566956,eval_mse
auto_stop__random_101,auto_stop,random_101,86,proxy,143.507782,eval_mse
auto_stop__random_101,auto_stop,random_101,87,proxy,143.452957,eval_mse
auto_stop__random_101,auto_stop,random_101,88,proxy,143.404541,eval_mse
auto_stop__random_101,auto_stop,random_101,89,proxy,143.400925,eval_mse
auto_stop__random_101,auto_stop,random_101,90,proxy,143.343491,eval_mse
auto_stop__random_101,auto_stop,random_101,91,proxy,143.367294,eval_mse
auto_stop__random_101,auto_stop,random_101,92,proxy,143.294907,eval_mse
auto_stop__random_101,auto_stop,random_101,93,proxy,143.2556,eval_mse
auto_stop__random_101,auto_stop,random_101,94,proxy,143.170151,eval_mse
auto_stop__random_101,auto_stop,random_101,95,proxy,143.155212,eval_mse
auto_stop__random_101,auto_stop,random_101,96,proxy,143.110229,eval_mse
auto_stop__random_101,auto_stop,random_101,97,proxy,143.095612,eval_mse
auto_stop__random_101,auto_stop,random_101,98,proxy,143.047028,eval_mse
auto_stop__random_101,auto_stop,random_101,99,proxy,142.932373,eval_mse
auto_stop__random_101,auto_stop,random_101,100,proxy,142.794189,eval_mse
auto_stop__random_101,auto_stop,random_101,101,proxy,142.71257,eval_mse
auto_stop__random_101,auto_stop,random_101,102,proxy,142.69249,eval_mse
auto_stop__random_101,auto_stop,random_101,103,proxy,142.641678,eval_mse
auto_stop__random_101,auto_stop,random_101,104,proxy,142.446823,eval_mse
auto_stop__random_101,auto_stop,random_101,105,proxy,142.291565,eval_mse
auto_stop__random_101,auto_stop,random_101,106,proxy,142.189819,eval_mse
auto_stop__random_101,auto_stop,random_101,107,proxy,142.149628,eval_mse
auto_stop__random_101,auto_stop,random_101,108,proxy,142.151703,eval_mse
auto_stop__random_101,auto_stop,random_101,109,proxy,142.018799,eval_mse
auto_stop__random_101,auto_stop,random_101,110,proxy,142.009857,eval_mse
auto_stop__random_101,auto_stop,random_101,111,proxy,141.935486,eval_mse
auto_stop__random_101,auto_stop,random_101,112,proxy,141.936569,eval_mse
auto_stop__random_101,auto_stop,random_101,113,proxy,141.862152,eval_mse
auto_stop__random_101,auto_stop,random_101,114,proxy,141.879425,eval_mse
auto_stop__random_101,auto_stop,random_101,115,proxy,141.815521,eval_mse
auto_stop__random_101,auto_stop,random_101,116,proxy,141.842453,eval_mse
auto_stop__random_101,auto_stop,random_101,117,proxy,141.807205,eval_mse
auto_stop__random_101,auto_stop,random_101,118,proxy,141.731522,eval_mse
auto_stop__random_101,auto_stop,random_101,119,proxy,141.7565,eval_mse
auto_stop__random_101,auto_stop,random_101,120,proxy,141.747421,eval_mse
auto_stop__random_101,auto_stop,random_101,121,proxy,141.777145,eval_mse
auto_stop__random_101,auto_stop,random_101,122,proxy,141.802109,eval_mse
auto_stop__random_101,auto_stop,random_101,123,proxy,141.774429,eval_mse
auto_stop__random_101,auto_stop,random_101,124,exact,99.309769,eval_mse
auto_stop__random_202,auto_stop,random_202,1,proxy,170.178299,eval_mse
auto_stop__random_202,auto_stop,random_202,2,proxy,164.266754,eval_mse
auto_stop__random_202,auto_stop,random_202,3,proxy,161.044373,eval_mse
auto_stop__random_202,auto_stop,random_202,4,proxy,158.832031,eval_mse
auto_stop__random_202,auto_stop,random_202,5,proxy,157.334961,eval_mse
auto_stop__random_202,auto_stop,random_202,6,proxy,156.294327,eval_mse
auto_stop__random_202,auto_stop,random_202,7,proxy,155.624039,eval_mse
auto_stop__random_202,auto_stop,random_202,8,proxy,154.991486,eval_mse
auto_stop__random_202,auto_stop,random_202,9,proxy,154.511505,eval_mse
auto_stop__random_202,auto_stop,random_202,10,proxy,154.113129,eval_mse
auto_stop__random_202,auto_stop,random_202,11,proxy,153.827087,eval_mse
auto_stop__random_202,auto_stop,random_202,12,proxy,153.409882,eval_mse
auto_stop__random_202,auto_stop,random_202,13,proxy,153.212341,eval_mse
auto_stop__random_202,auto_stop,random_202,14,proxy,153.001984,eval_mse
auto_stop__random_202,auto_stop,random_202,15,proxy,152.794342,eval_mse
auto_stop__random_202,auto_stop,random_202,16,proxy,152.46283,eval_mse
auto_stop__random_202,auto_stop,random_202,17,proxy,152.273911,eval_mse
auto_stop__random_202,auto_stop,random_202,18,proxy,152.088348,eval_mse
auto_stop__random_202,auto_stop,random_202,19,proxy,151.748337,eval_mse
auto_stop__random_202,auto_stop,random_202,20,proxy,151.650208,eval_mse
auto_stop__random_202,auto_stop,random_202,21,proxy,151.467133,eval_mse
auto_stop__random_202,auto_stop,random_202,22,proxy,151.152496,eval_mse
auto_stop__random_202,auto_stop,random_202,23,proxy,150.90181,eval_mse
auto_stop__random_202,auto_stop,random_202,24,proxy,150.619995,eval_mse
auto_stop__random_202,auto_stop,random_202,25,proxy,150.316101,eval_mse
auto_stop__random_202,auto_stop,random_202,26,proxy,149.909576,eval_mse
auto_stop__random_202,auto_stop,random_202,27,proxy,149.5896,eval_mse
auto_stop__random_202,auto_stop,random_202,28,proxy,149.202728,eval_mse
auto_stop__random_202,auto_stop,random_202,29,proxy,148.980545,eval_mse
auto_stop__random_202,auto_stop,random_202,30,proxy,148.719971,eval_mse
auto_stop__random_202,auto_stop,random_202,31,proxy,148.598038,eval_mse
auto_stop__random_202,auto_stop,random_202,32,proxy,148.336212,eval_mse
auto_stop__random_202,auto_stop,random_202,33,proxy,148.19371,eval_mse
auto_stop__random_202,auto_stop,random_202,34,proxy,148.114624,eval_mse
auto_stop__random_202,auto_stop,random_202,35,proxy,147.999359,eval_mse
auto_stop__random_202,auto_stop,random_202,36,proxy,147.901764,eval_mse
auto_stop__random_202,auto_stop,random_202,37,proxy,147.799805,eval_mse
auto_stop__random_202,auto_stop,random_202,38,proxy,147.760849,eval_mse
auto_stop__random_202,auto_stop,random_202,39,proxy,147.685852,eval_mse
auto_stop__random_202,auto_stop,random_202,40,proxy,147.609329,eval_mse
auto_stop__random_202,auto_stop,random_202,41,proxy,147.488388,eval_mse
auto_stop__random_202,auto_stop,random_202,42,proxy,147.32692,eval_mse
auto_stop__random_202,auto_stop,random_202,43,proxy,147.29245,eval_mse
auto_stop__random_202,auto_stop,random_202,44,proxy,147.223877,eval_mse
auto_stop__random_202,auto_stop,random_202,45,proxy,147.090927,eval_mse
auto_stop__random_202,auto_stop,random_202,46,proxy,147.000076,eval_mse
auto_stop__random_202,auto_stop,random_202,47,proxy,146.911804,eval_mse
auto_stop__random_202,auto_stop,random_202,48,proxy,146.879791,eval_mse
auto_stop__random_202,auto_stop,random_202,49,proxy,146.878601,eval_mse
auto_stop__random_202,auto_stop,random_202,50,proxy,146.803848,eval_mse
auto_stop__random_202,auto_stop,random_202,51,proxy,146.74826,eval_mse
auto_stop__random_202,auto_stop,random_202,52,proxy,146.647522,eval_mse
auto_stop__random_202,auto_stop,random_202,53,proxy,146.556885,eval_mse
auto_stop__random_202,auto_stop,random_202,54,proxy,146.533264,eval_mse
auto_stop__random_202,auto_stop,random_202,55,proxy,146.403107,eval_mse
auto_stop__random_202,auto_stop,random_202,56,proxy,146.415161,eval_mse
auto_stop__random_202,auto_stop,random_202,57,proxy,146.299957,eval_mse
auto_stop__random_202,auto_stop,random_202,58,proxy,146.242172,eval_mse
auto_stop__random_202,auto_stop,random_202,59,proxy,146.164551,eval_mse
auto_stop__random_202,auto_stop,random_202,60,proxy,146.044678,eval_mse
auto_stop__random_202,auto_stop,random_202,61,proxy,146.076859,eval_mse
auto_stop__random_202,auto_stop,random_202,62,proxy,145.938492,eval_mse
auto_stop__random_202,auto_stop,random_202,63,proxy,145.863586,eval_mse
auto_stop__random_202,auto_stop,random_202,64,proxy,145.823578,eval_mse
auto_stop__random_202,auto_stop,random_202,65,proxy,145.827362,eval_mse
auto_stop__random_202,auto_stop,random_202,66,proxy,145.801315,eval_mse
auto_stop__random_202,auto_stop,random_202,67,proxy,145.684586,eval_mse
auto_stop__random_202,auto_stop,random_202,68,proxy,145.5896,eval_mse
auto_stop__random_202,auto_stop,random_202,69,proxy,145.477707,eval_mse
auto_stop__random_202,auto_stop,random_202,70,proxy,145.414398,eval_mse
auto_stop__random_202,auto_stop,random_202,71,proxy,145.350983,eval_mse
auto_stop__random_202,auto_stop,random_202,72,proxy,145.165802,eval_mse
auto_stop__random_202,auto_stop,random_202,73,proxy,145.075775,eval_mse
auto_stop__random_202,auto_stop,random_202,74,proxy,144.916321,eval_mse
auto_stop__random_202,auto_stop,random_202,75,proxy,144.940277,eval_mse
auto_stop__random_202,auto_stop,random_202,76,proxy,144.851013,eval_mse
auto_stop__random_202,auto_stop,random_202,77,proxy,144.787933,eval_mse
auto_stop__random_202,auto_stop,random_202,78,proxy,144.711365,eval_mse
auto_stop__random_202,auto_stop,random_202,79,proxy,144.660355,eval_mse
auto_stop__random_202,auto_stop,random_202,80,proxy,144.518311,eval_mse
auto_stop__random_202,auto_stop,random_202,81,proxy,144.382202,eval_mse
auto_stop__random_202,auto_stop,random_202,82,proxy,144.362122,eval_mse
auto_stop__random_202,auto_stop,random_202,83,proxy,144.273132,eval_mse
auto_stop__random_202,auto_stop,random_202,84,proxy,144.263443,eval_mse
auto_stop__random_202,auto_stop,random_202,85,proxy,144.132462,eval_mse
auto_stop__random_202,auto_stop,random_202,86,proxy,144.063721,eval_mse
auto_stop__random_202,auto_stop,random_202,87,proxy,144.095215,eval_mse
auto_stop__random_202,auto_stop,random_202,88,proxy,144.067017,eval_mse
auto_stop__random_202,auto_stop,random_202,89,proxy,143.97998,eval_mse
auto_stop__random_202,auto_stop,random_202,90,proxy,143.913773,eval_mse
auto_stop__random_202,auto_stop,random_202,91,proxy,143.993286,eval_mse
auto_stop__random_202,auto_stop,random_202,92,proxy,143.941284,eval_mse
auto_stop__random_202,auto_stop,random_202,93,proxy,143.886215,eval_mse
auto_stop__random_202,auto_stop,random_202,94,proxy,143.89006,eval_mse
auto_stop__random_202,auto_stop,random_202,95,proxy,143.864227,eval_mse
auto_stop__random_202,auto_stop,random_202,96,proxy,143.920715,eval_mse
auto_stop__random_202,auto_stop,random_202,97,proxy,143.957825,eval_mse
auto_stop__random_202,auto_stop,random_202,98,proxy,143.964813,eval_mse
auto_stop__random_202,auto_stop,random_202,99,proxy,143.950165,eval_mse
auto_stop__random_202,auto_stop,random_202,100,proxy,143.870132,eval_mse
auto_stop__random_202,auto_stop,random_202,101,exact,99.863754,eval_mse
auto_stop__random_303,auto_stop,random_303,1,proxy,169.268707,eval_mse
auto_stop__random_303,auto_stop,random_303,2,proxy,163.346848,eval_mse
auto_stop__random_303,auto_stop,random_303,3,proxy,159.962585,eval_mse
auto_stop__random_303,auto_stop,random_303,4,proxy,158.165909,eval_mse
auto_stop__random_303,auto_stop,random_303,5,proxy,156.539337,eval_mse
auto_stop__random_303,auto_stop,random_303,6,proxy,155.491486,eval_mse
auto_stop__random_303,auto_stop,random_303,7,proxy,154.57428,eval_mse
auto_stop__random_303,auto_stop,random_303,8,proxy,153.955963,eval_mse
auto_stop__random_303,auto_stop,random_303,9,proxy,153.513947,eval_mse
auto_stop__random_303,auto_stop,random_303,10,proxy,153.208984,eval_mse
auto_stop__random_303,auto_stop,random_303,11,proxy,152.750275,eval_mse
auto_stop__random_303,auto_stop,random_303,12,proxy,152.430115,eval_mse
auto_stop__random_303,auto_stop,random_303,13,proxy,151.95076,eval_mse
auto_stop__random_303,auto_stop,random_303,14,proxy,151.653992,eval_mse
auto_stop__random_303,auto_stop,random_303,15,proxy,151.44754,eval_mse
auto_stop__random_303,auto_stop,random_303,16,proxy,151.156219,eval_mse
auto_stop__random_303,auto_stop,random_303,17,proxy,150.944168,eval_mse
auto_stop__random_303,auto_stop,random_303,18,proxy,150.711472,eval_mse
auto_stop__random_303,auto_stop,random_303,19,proxy,150.546417,eval_mse
auto_stop__random_303,auto_stop,random_303,20,proxy,150.443634,eval_mse
auto_stop__random_303,auto_stop,random_303,21,proxy,150.28479,eval_mse
auto_stop__random_303,auto_stop,random_303,22,proxy,150.10788,eval_mse
auto_stop__random_303,auto_stop,random_303,23,proxy,149.853928,eval_mse
auto_stop__random_303,auto_stop,random_303,24,proxy,149.758102,eval_mse
auto_stop__random_303,auto_stop,random_303,25,proxy,149.621796,eval_mse
auto_stop__random_303,auto_stop,random_303,26,proxy,149.410156,eval_mse
auto_stop__random_303,auto_stop,random_303,27,proxy,149.316193,eval_mse
auto_stop__random_303,auto_stop,random_303,28,proxy,149.244385,eval_mse
auto_stop__random_303,auto_stop,random_303,29,proxy,149.054886,eval_mse
auto_stop__random_303,auto_stop,random_303,30,proxy,148.871765,eval_mse
auto_stop__random_303,auto_stop,random_303,31,proxy,148.700943,eval_mse
auto_stop__random_303,auto_stop,random_303,32,proxy,148.532013,eval_mse
auto_stop__random_303,auto_stop,random_303,33,proxy,148.371429,eval_mse
auto_stop__random_303,auto_stop,random_303,34,proxy,148.278839,eval_mse
auto_stop__random_303,auto_stop,random_303,35,proxy,148.257568,eval_mse
auto_stop__random_303,auto_stop,random_303,36,proxy,148.090942,eval_mse
auto_stop__random_303,auto_stop,random_303,37,proxy,147.880615,eval_mse
auto_stop__random_303,auto_stop,random_303,38,proxy,147.848053,eval_mse
auto_stop__random_303,auto_stop,random_303,39,proxy,147.687683,eval_mse
auto_stop__random_303,auto_stop,random_303,40,proxy,147.578781,eval_mse
auto_stop__random_303,auto_stop,random_303,41,proxy,147.483505,eval_mse
auto_stop__random_303,auto_stop,random_303,42,proxy,147.381378,eval_mse
auto_stop__random_303,auto_stop,random_303,43,proxy,147.18251,eval_mse
auto_stop__random_303,auto_stop,random_303,44,proxy,147.070801,eval_mse
auto_stop__random_303,auto_stop,random_303,45,proxy,146.845428,eval_mse
auto_stop__random_303,auto_stop,random_303,46,proxy,146.690155,eval_mse
auto_stop__random_303,auto_stop,random_303,47,proxy,146.512939,eval_mse
auto_stop__random_303,auto_stop,random_303,48,proxy,146.385605,eval_mse
auto_stop__random_303,auto_stop,random_303,49,proxy,146.2724,eval_mse
auto_stop__random_303,auto_stop,random_303,50,proxy,146.163437,eval_mse
auto_stop__random_303,auto_stop,random_303,51,proxy,146.069214,eval_mse
auto_stop__random_303,auto_stop,random_303,52,proxy,145.968506,eval_mse
auto_stop__random_303,auto_stop,random_303,53,proxy,145.889923,eval_mse
auto_stop__random_303,auto_stop,random_303,54,proxy,145.742065,eval_mse
auto_stop__random_303,auto_stop,random_303,55,proxy,145.606781,eval_mse
auto_stop__random_303,auto_stop,random_303,56,proxy,145.512421,eval_mse
auto_stop__random_303,auto_stop,random_303,57,proxy,145.504059,eval_mse
auto_stop__random_303,auto_stop,random_303,58,proxy,145.518311,eval_mse
auto_stop__random_303,auto_stop,random_303,59,proxy,145.478149,eval_mse
auto_stop__random_303,auto_stop,random_303,60,proxy,145.47142,eval_mse
auto_stop__random_303,auto_stop,random_303,61,proxy,145.362183,eval_mse
auto_stop__random_303,auto_stop,random_303,62,proxy,145.313431,eval_mse
auto_stop__random_303,auto_stop,random_303,63,proxy,145.228943,eval_mse
auto_stop__random_303,auto_stop,random_303,64,proxy,145.237549,eval_mse
auto_stop__random_303,auto_stop,random_303,65,proxy,145.191956,eval_mse
auto_stop__random_303,auto_stop,random_303,66,proxy,145.141998,eval_mse
auto_stop__random_303,auto_stop,random_303,67,proxy,145.039062,eval_mse
auto_stop__random_303,auto_stop,random_303,68,proxy,145.04454,eval_mse
auto_stop__random_303,auto_stop,random_303,69,proxy,145.022781,eval_mse
auto_stop__random_303,auto_stop,random_303,70,proxy,145.016052,eval_mse
auto_stop__random_303,auto_stop,random_303,71,proxy,144.980026,eval_mse
auto_stop__random_303,auto_stop,random_303,72,proxy,144.949387,eval_mse
auto_stop__random_303,auto_stop,random_303,73,proxy,144.989746,eval_mse
auto_stop__random_303,auto_stop,random_303,74,proxy,144.975861,eval_mse
auto_stop__random_303,auto_stop,random_303,75,proxy,144.92215,eval_mse
auto_stop__random_303,auto_stop,random_303,76,proxy,144.840515,eval_mse
auto_stop__random_303,auto_stop,random_303,77,proxy,144.807861,eval_mse
auto_stop__random_303,auto_stop,random_303,78,proxy,144.804947,eval_mse
auto_stop__random_303,auto_stop,random_303,79,proxy,144.744064,eval_mse
auto_stop__random_303,auto_stop,random_303,80,proxy,144.613968,eval_mse
auto_stop__random_303,auto_stop,random_303,81,proxy,144.693573,eval_mse
auto_stop__random_303,auto_stop,random_303,82,proxy,144.63649,eval_mse
auto_stop__random_303,auto_stop,random_303,83,proxy,144.574219,eval_mse
auto_stop__random_303,auto_stop,random_303,84,proxy,144.468048,eval_mse
auto_stop__random_303,auto_stop,random_303,85,proxy,144.436401,eval_mse
auto_stop__random_303,auto_stop,random_303,86,proxy,144.431824,eval_mse
auto_stop__random_303,auto_stop,random_303,87,proxy,144.338562,eval_mse
auto_stop__random_303,auto_stop,random_303,88,proxy,144.27948,eval_mse
auto_stop__random_303,auto_stop,random_303,89,proxy,144.197083,eval_mse
auto_stop__random_303,auto_stop,random_303,90,proxy,144.156509,eval_mse
auto_stop__random_303,auto_stop,random_303,91,proxy,144.076691,eval_mse
auto_stop__random_303,auto_stop,random_303,92,proxy,143.984436,eval_mse
auto_stop__random_303,auto_stop,random_303,93,proxy,143.922211,eval_mse
auto_stop__random_303,auto_stop,random_303,94,proxy,143.888062,eval_mse
auto_stop__random_303,auto_stop,random_303,95,proxy,143.841263,eval_mse
auto_stop__random_303,auto_stop,random_303,96,proxy,143.853394,eval_mse
auto_stop__random_303,auto_stop,random_303,97,proxy,143.807709,eval_mse
auto_stop__random_303,auto_stop,random_303,98,proxy,143.801971,eval_mse
auto_stop__random_303,auto_stop,random_303,99,proxy,143.775146,eval_mse
auto_stop__random_303,auto_stop,random_303,100,proxy,143.702896,eval_mse
auto_stop__random_303,auto_stop,random_303,101,proxy,143.695251,eval_mse
auto_stop__random_303,auto_stop,random_303,102,proxy,143.615662,eval_mse
auto_stop__random_303,auto_stop,random_303,103,proxy,143.529617,eval_mse
auto_stop__random_303,auto_stop,random_303,104,proxy,143.530487,eval_mse
auto_stop__random_303,auto_stop,random_303,105,proxy,143.402954,eval_mse
auto_stop__random_303,auto_stop,random_303,106,proxy,143.416168,eval_mse
auto_stop__random_303,auto_stop,random_303,107,proxy,143.414612,eval_mse
auto_stop__random_303,auto_stop,random_303,108,proxy,143.411118,eval_mse
auto_stop__random_303,auto_stop,random_303,109,proxy,143.391571,eval_mse
auto_stop__random_303,auto_stop,random_303,110,proxy,143.38913,eval_mse
auto_stop__random_303,auto_stop,random_303,111,proxy,143.355469,eval_mse
auto_stop__random_303,auto_stop,random_303,112,proxy,143.339478,eval_mse
auto_stop__random_303,auto_stop,random_303,113,proxy,143.267288,eval_mse
auto_stop__random_303,auto_stop,random_303,114,proxy,143.296875,eval_mse
auto_stop__random_303,auto_stop,random_303,115,proxy,143.269241,eval_mse
auto_stop__random_303,auto_stop,random_303,116,proxy,143.242981,eval_mse
auto_stop__random_303,auto_stop,random_303,117,proxy,143.203842,eval_mse
auto_stop__random_303,auto_stop,random_303,118,proxy,143.177689,eval_mse
auto_stop__random_303,auto_stop,random_303,119,proxy,143.188187,eval_mse
auto_stop__random_303,auto_stop,random_303,120,proxy,143.145523,eval_mse
auto_stop__random_303,auto_stop,random_303,121,proxy,143.042206,eval_mse
auto_stop__random_303,auto_stop,random_303,122,proxy,142.939056,eval_mse
auto_stop__random_303,auto_stop,random_303,123,proxy,142.923096,eval_mse
auto_stop__random_303,auto_stop,random_303,124,proxy,142.873795,eval_mse
auto_stop__random_303,auto_stop,random_303,125,proxy,142.810745,eval_mse
auto_stop__random_303,auto_stop,random_303,126,proxy,142.690399,eval_mse
auto_stop__random_303,auto_stop,random_303,127,proxy,142.656967,eval_mse
auto_stop__random_303,auto_stop,random_303,128,proxy,142.64061,eval_mse
auto_stop__random_303,auto_stop,random_303,129,exact,100.04982,eval_mse
auto_stop__random_404,auto_stop,random_404,1,proxy,169.022736,eval_mse
auto_stop__random_404,auto_stop,random_404,2,proxy,163.152786,eval_mse
auto_stop__random_404,auto_stop,random_404,3,proxy,159.708923,eval_mse
auto_stop__random_404,auto_stop,random_404,4,proxy,157.445633,eval_mse
auto_stop__random_404,auto_stop,random_404,5,proxy,156.071899,eval_mse
auto_stop__random_404,auto_stop,random_404,6,proxy,154.754974,eval_mse
auto_stop__random_404,auto_stop,random_404,7,proxy,153.936462,eval_mse
auto_stop__random_404,auto_stop,random_404,8,proxy,153.173065,eval_mse
auto_stop__random_404,auto_stop,random_404,9,proxy,152.694794,eval_mse
auto_stop__random_404,auto_stop,random_404,10,proxy,152.254578,eval_mse
auto_stop__random_404,auto_stop,random_404,11,proxy,151.890686,eval_mse
auto_stop__random_404,auto_stop,random_404,12,proxy,151.566666,eval_mse
auto_stop__random_404,auto_stop,random_404,13,proxy,151.173096,eval_mse
auto_stop__random_404,auto_stop,random_404,14,proxy,150.87149,eval_mse
auto_stop__random_404,auto_stop,random_404,15,proxy,150.621704,eval_mse
auto_stop__random_404,auto_stop,random_404,16,proxy,150.360428,eval_mse
auto_stop__random_404,auto_stop,random_404,17,proxy,150.126068,eval_mse
auto_stop__random_404,auto_stop,random_404,18,proxy,149.84906,eval_mse
auto_stop__random_404,auto_stop,random_404,19,proxy,149.710175,eval_mse
auto_stop__random_404,auto_stop,random_404,20,proxy,149.48761,eval_mse
auto_stop__random_404,auto_stop,random_404,21,proxy,149.242493,eval_mse
auto_stop__random_404,auto_stop,random_404,22,proxy,148.902725,eval_mse
auto_stop__random_404,auto_stop,random_404,23,proxy,148.613998,eval_mse
auto_stop__random_404,auto_stop,random_404,24,proxy,148.268326,eval_mse
auto_stop__random_404,auto_stop,random_404,25,proxy,147.93544,eval_mse
auto_stop__random_404,auto_stop,random_404,26,proxy,147.5401,eval_mse
auto_stop__random_404,auto_stop,random_404,27,proxy,147.320404,eval_mse
auto_stop__random_404,auto_stop,random_404,28,proxy,147.174744,eval_mse
auto_stop__random_404,auto_stop,random_404,29,proxy,146.898224,eval_mse
auto_stop__random_404,auto_stop,random_404,30,proxy,146.625458,eval_mse
auto_stop__random_404,auto_stop,random_404,31,proxy,146.323685,eval_mse
auto_stop__random_404,auto_stop,random_404,32,proxy,145.951904,eval_mse
auto_stop__random_404,auto_stop,random_404,33,proxy,145.694275,eval_mse
auto_stop__random_404,auto_stop,random_404,34,proxy,145.453644,eval_mse
auto_stop__random_404,auto_stop,random_404,35,proxy,145.147949,eval_mse
auto_stop__random_404,auto_stop,random_404,36,proxy,144.85376,eval_mse
auto_stop__random_404,auto_stop,random_404,37,proxy,144.603912,eval_mse
auto_stop__random_404,auto_stop,random_404,38,proxy,144.397247,eval_mse
auto_stop__random_404,auto_stop,random_404,39,proxy,144.043152,eval_mse
auto_stop__random_404,auto_stop,random_404,40,proxy,143.815201,eval_mse
auto_stop__random_404,auto_stop,random_404,41,proxy,143.52327,eval_mse
auto_stop__random_404,auto_stop,random_404,42,proxy,143.248398,eval_mse
auto_stop__random_404,auto_stop,random_404,43,proxy,143.097336,eval_mse
auto_stop__random_404,auto_stop,random_404,44,proxy,142.905243,eval_mse
auto_stop__random_404,auto_stop,random_404,45,proxy,142.779724,eval_mse
auto_stop__random_404,auto_stop,random_404,46,proxy,142.554016,eval_mse
auto_stop__random_404,auto_stop,random_404,47,proxy,142.342468,eval_mse
auto_stop__random_404,auto_stop,random_404,48,proxy,142.198364,eval_mse
auto_stop__random_404,auto_stop,random_404,49,proxy,142.028809,eval_mse
auto_stop__random_404,auto_stop,random_404,50,proxy,141.931732,eval_mse
auto_stop__random_404,auto_stop,random_404,51,proxy,141.706879,eval_mse
auto_stop__random_404,auto_stop,random_404,52,proxy,141.661011,eval_mse
auto_stop__random_404,auto_stop,random_404,53,proxy,141.518951,eval_mse
auto_stop__random_404,auto_stop,random_404,54,proxy,141.462036,eval_mse
auto_stop__random_404,auto_stop,random_404,55,proxy,141.33432,eval_mse
auto_stop__random_404,auto_stop,random_404,56,proxy,141.265564,eval_mse
auto_stop__random_404,auto_stop,random_404,57,proxy,141.244904,eval_mse
auto_stop__random_404,auto_stop,random_404,58,proxy,141.263535,eval_mse
auto_stop__random_404,auto_stop,random_404,59,proxy,141.081406,eval_mse
auto_stop__random_404,auto_stop,random_404,60,proxy,140.945435,eval_mse
auto_stop__random_404,auto_stop,random_404,61,proxy,140.835007,eval_mse
auto_stop__random_404,auto_stop,random_404,62,proxy,140.822525,eval_mse
auto_stop__random_404,auto_stop,random_404,63,proxy,140.632401,eval_mse
auto_stop__random_404,auto_stop,random_404,64,proxy,140.606445,eval_mse
auto_stop__random_404,auto_stop,random_404,65,proxy,140.551743,eval_mse
auto_stop__random_404,auto_stop,random_404,66,proxy,140.468445,eval_mse
auto_stop__random_404,auto_stop,random_404,67,proxy,140.446198,eval_mse
auto_stop__random_404,auto_stop,random_404,68,proxy,140.395447,eval_mse
auto_stop__random_404,auto_stop,random_404,69,proxy,140.388611,eval_mse
auto_stop__random_404,auto_stop,random_404,70,proxy,140.309814,eval_mse
auto_stop__random_404,auto_stop,random_404,71,proxy,140.264236,eval_mse
auto_stop__random_404,auto_stop,random_404,72,proxy,140.192871,eval_mse
auto_stop__random_404,auto_stop,random_404,73,proxy,140.190033,eval_mse
auto_stop__random_404,auto_stop,random_404,74,proxy,140.106293,eval_mse
auto_stop__random_404,auto_stop,random_404,75,proxy,140.07663,eval_mse
auto_stop__random_404,auto_stop,random_404,76,proxy,140.128296,eval_mse
auto_stop__random_404,auto_stop,random_404,77,proxy,140.045868,eval_mse
auto_stop__random_404,auto_stop,random_404,78,proxy,139.978241,eval_mse
auto_stop__random_404,auto_stop,random_404,79,proxy,139.969452,eval_mse
auto_stop__random_404,auto_stop,random_404,80,proxy,139.922134,eval_mse
auto_stop__random_404,auto_stop,random_404,81,proxy,139.839935,eval_mse
auto_stop__random_404,auto_stop,random_404,82,proxy,139.806793,eval_mse
auto_stop__random_404,auto_stop,random_404,83,proxy,139.858078,eval_mse
auto_stop__random_404,auto_stop,random_404,84,proxy,139.811783,eval_mse
auto_stop__random_404,auto_stop,random_404,85,proxy,139.778992,eval_mse
auto_stop__random_404,auto_stop,random_404,86,proxy,139.697449,eval_mse
auto_stop__random_404,auto_stop,random_404,87,proxy,139.671173,eval_mse
auto_stop__random_404,auto_stop,random_404,88,proxy,139.653992,eval_mse
auto_stop__random_404,auto_stop,random_404,89,proxy,139.597931,eval_mse
auto_stop__random_404,auto_stop,random_404,90,proxy,139.563965,eval_mse
auto_stop__random_404,auto_stop,random_404,91,proxy,139.470078,eval_mse
auto_stop__random_404,auto_stop,random_404,92,proxy,139.494476,eval_mse
auto_stop__random_404,auto_stop,random_404,93,proxy,139.481903,eval_mse
auto_stop__random_404,auto_stop,random_404,94,proxy,139.456696,eval_mse
auto_stop__random_404,auto_stop,random_404,95,proxy,139.431747,eval_mse
auto_stop__random_404,auto_stop,random_404,96,proxy,139.347931,eval_mse
auto_stop__random_404,auto_stop,random_404,97,proxy,139.290955,eval_mse
auto_stop__random_404,auto_stop,random_404,98,proxy,139.250214,eval_mse
auto_stop__random_404,auto_stop,random_404,99,proxy,139.151062,eval_mse
auto_stop__random_404,auto_stop,random_404,100,proxy,139.121353,eval_mse
auto_stop__random_404,auto_stop,random_404,101,proxy,139.038788,eval_mse
auto_stop__random_404,auto_stop,random_404,102,proxy,138.969147,eval_mse
auto_stop__random_404,auto_stop,random_404,103,proxy,138.939865,eval_mse
auto_stop__random_404,auto_stop,random_404,104,proxy,138.913696,eval_mse
auto_stop__random_404,auto_stop,random_404,105,proxy,138.906631,eval_mse
auto_stop__random_404,auto_stop,random_404,106,proxy,138.949829,eval_mse
auto_stop__random_404,auto_stop,random_404,107,proxy,138.975113,eval_mse
auto_stop__random_404,auto_stop,random_404,108,proxy,139.032318,eval_mse
auto_stop__random_404,auto_stop,random_404,109,proxy,138.995728,eval_mse
auto_stop__random_404,auto_stop,random_404,110,proxy,139.00032,eval_mse
auto_stop__random_404,auto_stop,random_404,111,exact,97.127625,eval_mse
auto_stop__random_505,auto_stop,random_505,1,proxy,166.403412,eval_mse
auto_stop__random_505,auto_stop,random_505,2,proxy,160.473541,eval_mse
auto_stop__random_505,auto_stop,random_505,3,proxy,157.649841,eval_mse
auto_stop__random_505,auto_stop,random_505,4,proxy,155.786453,eval_mse
auto_stop__random_505,auto_stop,random_505,5,proxy,154.520752,eval_mse
auto_stop__random_505,auto_stop,random_505,6,proxy,153.628983,eval_mse
auto_stop__random_505,auto_stop,random_505,7,proxy,152.691467,eval_mse
auto_stop__random_505,auto_stop,random_505,8,proxy,152.052994,eval_mse
auto_stop__random_505,auto_stop,random_505,9,proxy,151.620651,eval_mse
auto_stop__random_505,auto_stop,random_505,10,proxy,151.11557,eval_mse
auto_stop__random_505,auto_stop,random_505,11,proxy,150.662811,eval_mse
auto_stop__random_505,auto_stop,random_505,12,proxy,150.29068,eval_mse
auto_stop__random_505,auto_stop,random_505,13,proxy,150.15033,eval_mse
auto_stop__random_505,auto_stop,random_505,14,proxy,149.867371,eval_mse
auto_stop__random_505,auto_stop,random_505,15,proxy,149.744019,eval_mse
auto_stop__random_505,auto_stop,random_505,16,proxy,149.529938,eval_mse
auto_stop__random_505,auto_stop,random_505,17,proxy,149.413544,eval_mse
auto_stop__random_505,auto_stop,random_505,18,proxy,149.366592,eval_mse
auto_stop__random_505,auto_stop,random_505,19,proxy,149.153687,eval_mse
auto_stop__random_505,auto_stop,random_505,20,proxy,149.032288,eval_mse
auto_stop__random_505,auto_stop,random_505,21,proxy,148.975342,eval_mse
auto_stop__random_505,auto_stop,random_505,22,proxy,148.860367,eval_mse
auto_stop__random_505,auto_stop,random_505,23,proxy,148.837311,eval_mse
auto_stop__random_505,auto_stop,random_505,24,proxy,148.744659,eval_mse
auto_stop__random_505,auto_stop,random_505,25,proxy,148.675537,eval_mse
auto_stop__random_505,auto_stop,random_505,26,proxy,148.510056,eval_mse
auto_stop__random_505,auto_stop,random_505,27,proxy,148.331818,eval_mse
auto_stop__random_505,auto_stop,random_505,28,proxy,148.205414,eval_mse
auto_stop__random_505,auto_stop,random_505,29,proxy,148.118347,eval_mse
auto_stop__random_505,auto_stop,random_505,30,proxy,148.09201,eval_mse
auto_stop__random_505,auto_stop,random_505,31,proxy,147.975616,eval_mse
auto_stop__random_505,auto_stop,random_505,32,proxy,147.869812,eval_mse
auto_stop__random_505,auto_stop,random_505,33,proxy,147.817078,eval_mse
auto_stop__random_505,auto_stop,random_505,34,proxy,147.610428,eval_mse
auto_stop__random_505,auto_stop,random_505,35,proxy,147.503632,eval_mse
auto_stop__random_505,auto_stop,random_505,36,proxy,147.263123,eval_mse
auto_stop__random_505,auto_stop,random_505,37,proxy,147.024139,eval_mse
auto_stop__random_505,auto_stop,random_505,38,proxy,146.875488,eval_mse
auto_stop__random_505,auto_stop,random_505,39,proxy,146.778305,eval_mse
auto_stop__random_505,auto_stop,random_505,40,proxy,146.692261,eval_mse
auto_stop__random_505,auto_stop,random_505,41,proxy,146.581055,eval_mse
auto_stop__random_505,auto_stop,random_505,42,proxy,146.513809,eval_mse
auto_stop__random_505,auto_stop,random_505,43,proxy,146.466187,eval_mse
auto_stop__random_505,auto_stop,random_505,44,proxy,146.225769,eval_mse
auto_stop__random_505,auto_stop,random_505,45,proxy,146.056061,eval_mse
auto_stop__random_505,auto_stop,random_505,46,proxy,145.982529,eval_mse
auto_stop__random_505,auto_stop,random_505,47,proxy,145.874664,eval_mse
auto_stop__random_505,auto_stop,random_505,48,proxy,145.702881,eval_mse
auto_stop__random_505,auto_stop,random_505,49,proxy,145.583191,eval_mse
auto_stop__random_505,auto_stop,random_505,50,proxy,145.479584,eval_mse
auto_stop__random_505,auto_stop,random_505,51,proxy,145.384491,eval_mse
auto_stop__random_505,auto_stop,random_505,52,proxy,145.288116,eval_mse
auto_stop__random_505,auto_stop,random_505,53,proxy,145.155945,eval_mse
auto_stop__random_505,auto_stop,random_505,54,proxy,145.062836,eval_mse
auto_stop__random_505,auto_stop,random_505,55,proxy,145.000732,eval_mse
auto_stop__random_505,auto_stop,random_505,56,proxy,144.981003,eval_mse
auto_stop__random_505,auto_stop,random_505,57,proxy,144.887695,eval_mse
auto_stop__random_505,auto_stop,random_505,58,proxy,144.784271,eval_mse
auto_stop__random_505,auto_stop,random_505,59,proxy,144.726456,eval_mse
auto_stop__random_505,auto_stop,random_505,60,proxy,144.691162,eval_mse
auto_stop__random_505,auto_stop,random_505,61,proxy,144.588135,eval_mse
auto_stop__random_505,auto_stop,random_505,62,proxy,144.491974,eval_mse
auto_stop__random_505,auto_stop,random_505,63,proxy,144.386658,eval_mse
auto_stop__random_505,auto_stop,random_505,64,proxy,144.40654,eval_mse
auto_stop__random_505,auto_stop,random_505,65,proxy,144.388306,eval_mse
auto_stop__random_505,auto_stop,random_505,66,proxy,144.281754,eval_mse
auto_stop__random_505,auto_stop,random_505,67,proxy,144.235291,eval_mse
auto_stop__random_505,auto_stop,random_505,68,proxy,144.111298,eval_mse
auto_stop__random_505,auto_stop,random_505,69,proxy,144.058502,eval_mse
auto_stop__random_505,auto_stop,random_505,70,proxy,144.031525,eval_mse
auto_stop__random_505,auto_stop,random_505,71,proxy,143.983093,eval_mse
auto_stop__random_505,auto_stop,random_505,72,proxy,143.983521,eval_mse
auto_stop__random_505,auto_stop,random_505,73,proxy,143.931274,eval_mse
auto_stop__random_505,auto_stop,random_505,74,proxy,143.977127,eval_mse
auto_stop__random_505,auto_stop,random_505,75,proxy,143.95813,eval_mse
auto_stop__random_505,auto_stop,random_505,76,proxy,143.890045,eval_mse
auto_stop__random_505,auto_stop,random_505,77,proxy,143.902008,eval_mse
auto_stop__random_505,auto_stop,random_505,78,proxy,143.809814,eval_mse
auto_stop__random_505,auto_stop,random_505,79,proxy,143.808319,eval_mse
auto_stop__random_505,auto_stop,random_505,80,proxy,143.785614,eval_mse
auto_stop__random_505,auto_stop,random_505,81,proxy,143.804596,eval_mse
auto_stop__random_505,auto_stop,random_505,82,proxy,143.752808,eval_mse
auto_stop__random_505,auto_stop,random_505,83,proxy,143.77066,eval_mse
auto_stop__random_505,auto_stop,random_505,84,proxy,143.727493,eval_mse
auto_stop__random_505,auto_stop,random_505,85,proxy,143.635376,eval_mse
auto_stop__random_505,auto_stop,random_505,86,proxy,143.610397,eval_mse
auto_stop__random_505,auto_stop,random_505,87,proxy,143.619446,eval_mse
auto_stop__random_505,auto_stop,random_505,88,proxy,143.608475,eval_mse
auto_stop__random_505,auto_stop,random_505,89,proxy,143.55304,eval_mse
auto_stop__random_505,auto_stop,random_505,90,proxy,143.467163,eval_mse
auto_stop__random_505,auto_stop,random_505,91,proxy,143.403336,eval_mse
auto_stop__random_505,auto_stop,random_505,92,proxy,143.318176,eval_mse
auto_stop__random_505,auto_stop,random_505,93,proxy,143.3452,eval_mse
auto_stop__random_505,auto_stop,random_505,94,proxy,143.2836,eval_mse
auto_stop__random_505,auto_stop,random_505,95,proxy,143.181396,eval_mse
auto_stop__random_505,auto_stop,random_505,96,proxy,143.096298,eval_mse
auto_stop__random_505,auto_stop,random_505,97,proxy,143.051392,eval_mse
auto_stop__random_505,auto_stop,random_505,98,proxy,143.047943,eval_mse
auto_stop__random_505,auto_stop,random_505,99,proxy,142.936081,eval_mse
auto_stop__random_505,auto_stop,random_505,100,proxy,142.852448,eval_mse
auto_stop__random_505,auto_stop,random_505,101,proxy,142.778687,eval_mse
auto_stop__random_505,auto_stop,random_505,102,proxy,142.740082,eval_mse
auto_stop__random_505,auto_stop,random_505,103,proxy,142.611069,eval_mse
auto_stop__random_505,auto_stop,random_505,104,proxy,142.569092,eval_mse
auto_stop__random_505,auto_stop,random_505,105,proxy,142.531433,eval_mse
auto_stop__random_505,auto_stop,random_505,106,proxy,142.442627,eval_mse
auto_stop__random_505,auto_stop,random_505,107,proxy,142.434204,eval_mse
auto_stop__random_505,auto_stop,random_505,108,proxy,142.412659,eval_mse
auto_stop__random_505,auto_stop,random_505,109,proxy,142.304886,eval_mse
auto_stop__random_505,auto_stop,random_505,110,proxy,142.247009,eval_mse
auto_stop__random_505,auto_stop,random_505,111,proxy,142.181259,eval_mse
auto_stop__random_505,auto_stop,random_505,112,proxy,142.091461,eval_mse
auto_stop__random_505,auto_stop,random_505,113,proxy,142.063248,eval_mse
auto_stop__random_505,auto_stop,random_505,114,proxy,142.006607,eval_mse
auto_stop__random_505,auto_stop,random_505,115,proxy,142.040024,eval_mse
auto_stop__random_505,auto_stop,random_505,116,proxy,142.039917,eval_mse
auto_stop__random_505,auto_stop,random_505,117,proxy,141.978638,eval_mse
auto_stop__random_505,auto_stop,random_505,118,proxy,141.952744,eval_mse
auto_stop__random_505,auto_stop,random_505,119,proxy,141.938507,eval_mse
auto_stop__random_505,auto_stop,random_505,120,proxy,141.837143,eval_mse
auto_stop__random_505,auto_stop,random_505,121,proxy,141.835632,eval_mse
auto_stop__random_505,auto_stop,random_505,122,proxy,141.851135,eval_mse
auto_stop__random_505,auto_stop,random_505,123,proxy,141.778244,eval_mse
auto_stop__random_505,auto_stop,random_505,124,proxy,141.791534,eval_mse
auto_stop__random_505,auto_stop,random_505,125,proxy,141.777069,eval_mse
auto_stop__random_505,auto_stop,random_505,126,proxy,141.713303,eval_mse
auto_stop__random_505,auto_stop,random_505,127,proxy,141.720337,eval_mse
auto_stop__random_505,auto_stop,random_505,128,proxy,141.736298,eval_mse
auto_stop__random_505,auto_stop,random_505,129,exact,99.661682,eval_mse
fixed_128__contiguous,fixed_128,contiguous,1,proxy,144.88623,train_mse
fixed_128__contiguous,fixed_128,contiguous,2,proxy,137.540527,train_mse
fixed_128__contiguous,fixed_128,contiguous,3,proxy,134.438354,train_mse
fixed_128__contiguous,fixed_128,contiguous,4,proxy,132.830826,train_mse
fixed_128__contiguous,fixed_128,contiguous,5,proxy,131.812225,train_mse
fixed_128__contiguous,fixed_128,contiguous,6,proxy,131.076752,train_mse
fixed_128__contiguous,fixed_128,contiguous,7,proxy,130.396942,train_mse
fixed_128__contiguous,fixed_128,contiguous,8,proxy,130.07785,train_mse
fixed_128__contiguous,fixed_128,contiguous,9,proxy,129.735062,train_mse
fixed_128__contiguous,fixed_128,contiguous,10,proxy,129.402344,train_mse
fixed_128__contiguous,fixed_128,contiguous,11,proxy,129.220123,train_mse
fixed_128__contiguous,fixed_128,contiguous,12,proxy,128.971191,train_mse
fixed_128__contiguous,fixed_128,contiguous,13,proxy,128.786285,train_mse
fixed_128__contiguous,fixed_128,contiguous,14,proxy,128.571716,train_mse
fixed_128__contiguous,fixed_128,contiguous,15,proxy,128.387512,train_mse
fixed_128__contiguous,fixed_128,contiguous,16,proxy,128.216156,train_mse
fixed_128__contiguous,fixed_128,contiguous,17,proxy,128.056976,train_mse
fixed_128__contiguous,fixed_128,contiguous,18,proxy,127.848984,train_mse
fixed_128__contiguous,fixed_128,contiguous,19,proxy,127.688278,train_mse
fixed_128__contiguous,fixed_128,contiguous,20,proxy,127.519653,train_mse
fixed_128__contiguous,fixed_128,contiguous,21,proxy,127.407959,train_mse
fixed_128__contiguous,fixed_128,contiguous,22,proxy,127.303116,train_mse
fixed_128__contiguous,fixed_128,contiguous,23,proxy,127.094658,train_mse
fixed_128__contiguous,fixed_128,contiguous,24,proxy,127.017288,train_mse
fixed_128__contiguous,fixed_128,contiguous,25,proxy,126.893379,train_mse
fixed_128__contiguous,fixed_128,contiguous,26,proxy,126.697021,train_mse
fixed_128__contiguous,fixed_128,contiguous,27,proxy,126.573486,train_mse
fixed_128__contiguous,fixed_128,contiguous,28,proxy,126.531944,train_mse
fixed_128__contiguous,fixed_128,contiguous,29,proxy,126.437859,train_mse
fixed_128__contiguous,fixed_128,contiguous,30,proxy,126.346161,train_mse
fixed_128__contiguous,fixed_128,contiguous,31,proxy,126.259109,train_mse
fixed_128__contiguous,fixed_128,contiguous,32,proxy,126.141205,train_mse
fixed_128__contiguous,fixed_128,contiguous,33,proxy,126.028664,train_mse
fixed_128__contiguous,fixed_128,contiguous,34,proxy,125.951782,train_mse
fixed_128__contiguous,fixed_128,contiguous,35,proxy,125.87117,train_mse
fixed_128__contiguous,fixed_128,contiguous,36,proxy,125.781372,train_mse
fixed_128__contiguous,fixed_128,contiguous,37,proxy,125.757339,train_mse
fixed_128__contiguous,fixed_128,contiguous,38,proxy,125.70639,train_mse
fixed_128__contiguous,fixed_128,contiguous,39,proxy,125.682968,train_mse
fixed_128__contiguous,fixed_128,contiguous,40,proxy,125.643143,train_mse
fixed_128__contiguous,fixed_128,contiguous,41,proxy,125.568817,train_mse
fixed_128__contiguous,fixed_128,contiguous,42,proxy,125.494064,train_mse
fixed_128__contiguous,fixed_128,contiguous,43,proxy,125.426323,train_mse
fixed_128__contiguous,fixed_128,contiguous,44,proxy,125.369293,train_mse
fixed_128__contiguous,fixed_128,contiguous,45,proxy,125.350876,train_mse
fixed_128__contiguous,fixed_128,contiguous,46,proxy,125.264984,train_mse
fixed_128__contiguous,fixed_128,contiguous,47,proxy,125.193275,train_mse
fixed_128__contiguous,fixed_128,contiguous,48,proxy,125.132538,train_mse
fixed_128__contiguous,fixed_128,contiguous,49,proxy,125.093048,train_mse
fixed_128__contiguous,fixed_128,contiguous,50,proxy,124.977829,train_mse
fixed_128__contiguous,fixed_128,contiguous,51,proxy,124.884064,train_mse
fixed_128__contiguous,fixed_128,contiguous,52,proxy,124.825241,train_mse
fixed_128__contiguous,fixed_128,contiguous,53,proxy,124.721848,train_mse
fixed_128__contiguous,fixed_128,contiguous,54,proxy,124.617569,train_mse
fixed_128__contiguous,fixed_128,contiguous,55,proxy,124.504349,train_mse
fixed_128__contiguous,fixed_128,contiguous,56,proxy,124.411522,train_mse
fixed_128__contiguous,fixed_128,contiguous,57,proxy,124.347336,train_mse
fixed_128__contiguous,fixed_128,contiguous,58,proxy,124.277908,train_mse
fixed_128__contiguous,fixed_128,contiguous,59,proxy,124.222275,train_mse
fixed_128__contiguous,fixed_128,contiguous,60,proxy,124.081894,train_mse
fixed_128__contiguous,fixed_128,contiguous,61,proxy,124.049057,train_mse
fixed_128__contiguous,fixed_128,contiguous,62,proxy,123.928436,train_mse
fixed_128__contiguous,fixed_128,contiguous,63,proxy,123.821228,train_mse
fixed_128__contiguous,fixed_128,contiguous,64,proxy,123.809807,train_mse
fixed_128__contiguous,fixed_128,contiguous,65,proxy,123.756432,train_mse
fixed_128__contiguous,fixed_128,contiguous,66,proxy,123.734879,train_mse
fixed_128__contiguous,fixed_128,contiguous,67,proxy,123.71669,train_mse
fixed_128__contiguous,fixed_128,contiguous,68,proxy,123.63942,train_mse
fixed_128__contiguous,fixed_128,contiguous,69,proxy,123.625076,train_mse
fixed_128__contiguous,fixed_128,contiguous,70,proxy,123.589165,train_mse
fixed_128__contiguous,fixed_128,contiguous,71,proxy,123.524094,train_mse
fixed_128__contiguous,fixed_128,contiguous,72,proxy,123.471436,train_mse
fixed_128__contiguous,fixed_128,contiguous,73,proxy,123.396736,train_mse
fixed_128__contiguous,fixed_128,contiguous,74,proxy,123.310806,train_mse
fixed_128__contiguous,fixed_128,contiguous,75,proxy,123.290588,train_mse
fixed_128__contiguous,fixed_128,contiguous,76,proxy,123.25383,train_mse
fixed_128__contiguous,fixed_128,contiguous,77,proxy,123.192154,train_mse
fixed_128__contiguous,fixed_128,contiguous,78,proxy,123.18074,train_mse
fixed_128__contiguous,fixed_128,contiguous,79,proxy,123.105049,train_mse
fixed_128__contiguous,fixed_128,contiguous,80,proxy,123.045067,train_mse
fixed_128__contiguous,fixed_128,contiguous,81,proxy,122.972305,train_mse
fixed_128__contiguous,fixed_128,contiguous,82,proxy,122.850311,train_mse
fixed_128__contiguous,fixed_128,contiguous,83,proxy,122.78701,train_mse
fixed_128__contiguous,fixed_128,contiguous,84,proxy,122.726654,train_mse
fixed_128__contiguous,fixed_128,contiguous,85,proxy,122.701202,train_mse
fixed_128__contiguous,fixed_128,contiguous,86,proxy,122.657173,train_mse
fixed_128__contiguous,fixed_128,contiguous,87,proxy,122.599609,train_mse
fixed_128__contiguous,fixed_128,contiguous,88,proxy,122.553307,train_mse
fixed_128__contiguous,fixed_128,contiguous,89,proxy,122.470734,train_mse
fixed_128__contiguous,fixed_128,contiguous,90,proxy,122.463928,train_mse
fixed_128__contiguous,fixed_128,contiguous,91,proxy,122.399597,train_mse
fixed_128__contiguous,fixed_128,contiguous,92,proxy,122.394104,train_mse
fixed_128__contiguous,fixed_128,contiguous,93,proxy,122.323792,train_mse
fixed_128__contiguous,fixed_128,contiguous,94,proxy,122.304016,train_mse
fixed_128__contiguous,fixed_128,contiguous,95,proxy,122.246811,train_mse
fixed_128__contiguous,fixed_128,contiguous,96,proxy,122.197662,train_mse
fixed_128__contiguous,fixed_128,contiguous,97,proxy,122.186821,train_mse
fixed_128__contiguous,fixed_128,contiguous,98,proxy,122.127304,train_mse
fixed_128__contiguous,fixed_128,contiguous,99,proxy,122.093948,train_mse
fixed_128__contiguous,fixed_128,contiguous,100,proxy,122.064957,train_mse
fixed_128__contiguous,fixed_128,contiguous,101,proxy,122.064468,train_mse
fixed_128__contiguous,fixed_128,contiguous,102,proxy,121.993813,train_mse
fixed_128__contiguous,fixed_128,contiguous,103,proxy,122.039139,train_mse
fixed_128__contiguous,fixed_128,contiguous,104,proxy,122.000854,train_mse
fixed_128__contiguous,fixed_128,contiguous,105,proxy,121.998856,train_mse
fixed_128__contiguous,fixed_128,contiguous,106,proxy,121.986191,train_mse
fixed_128__contiguous,fixed_128,contiguous,107,proxy,121.979561,train_mse
fixed_128__contiguous,fixed_128,contiguous,108,proxy,121.943222,train_mse
fixed_128__contiguous,fixed_128,contiguous,109,proxy,121.954933,train_mse
fixed_128__contiguous,fixed_128,contiguous,110,proxy,121.951927,train_mse
fixed_128__contiguous,fixed_128,contiguous,111,proxy,121.924355,train_mse
fixed_128__contiguous,fixed_128,contiguous,112,proxy,121.920647,train_mse
fixed_128__contiguous,fixed_128,contiguous,113,proxy,121.91954,train_mse
fixed_128__contiguous,fixed_128,contiguous,114,proxy,121.904716,train_mse
fixed_128__contiguous,fixed_128,contiguous,115,proxy,121.891281,train_mse
fixed_128__contiguous,fixed_128,contiguous,116,proxy,121.895432,train_mse
fixed_128__contiguous,fixed_128,contiguous,117,proxy,121.877838,train_mse
fixed_128__contiguous,fixed_128,contiguous,118,proxy,121.8815,train_mse
fixed_128__contiguous,fixed_128,contiguous,119,proxy,121.880264,train_mse
fixed_128__contiguous,fixed_128,contiguous,120,proxy,121.870415,train_mse
fixed_128__contiguous,fixed_128,contiguous,121,proxy,121.821487,train_mse
fixed_128__contiguous,fixed_128,contiguous,122,proxy,121.823563,train_mse
fixed_128__contiguous,fixed_128,contiguous,123,proxy,121.82814,train_mse
fixed_128__contiguous,fixed_128,contiguous,124,proxy,121.796478,train_mse
fixed_128__contiguous,fixed_128,contiguous,125,proxy,121.767914,train_mse
fixed_128__contiguous,fixed_128,contiguous,126,proxy,121.754715,train_mse
fixed_128__contiguous,fixed_128,contiguous,127,proxy,121.732536,train_mse
fixed_128__contiguous,fixed_128,contiguous,128,proxy,121.728561,train_mse
fixed_128__contiguous,fixed_128,contiguous,129,exact,73.334045,train_mse
fixed_128__learned,fixed_128,learned,1,proxy,133.588272,train_mse
fixed_128__learned,fixed_128,learned,2,proxy,126.381966,train_mse
fixed_128__learned,fixed_128,learned,3,proxy,123.569504,train_mse
fixed_128__learned,fixed_128,learned,4,proxy,122.157578,train_mse
fixed_128__learned,fixed_128,learned,5,proxy,121.291481,train_mse
fixed_128__learned,fixed_128,learned,6,proxy,120.801422,train_mse
fixed_128__learned,fixed_128,learned,7,proxy,120.512581,train_mse
fixed_128__learned,fixed_128,learned,8,proxy,120.270569,train_mse
fixed_128__learned,fixed_128,learned,9,proxy,120.038956,train_mse
fixed_128__learned,fixed_128,learned,10,proxy,119.836472,train_mse
fixed_128__learned,fixed_128,learned,11,proxy,119.761185,train_mse
fixed_128__learned,fixed_128,learned,12,proxy,119.618317,train_mse
fixed_128__learned,fixed_128,learned,13,proxy,119.518814,train_mse
fixed_128__learned,fixed_128,learned,14,proxy,119.450966,train_mse
fixed_128__learned,fixed_128,learned,15,proxy,119.385796,train_mse
fixed_128__learned,fixed_128,learned,16,proxy,119.286255,train_mse
fixed_128__learned,fixed_128,learned,17,proxy,119.227547,train_mse
fixed_128__learned,fixed_128,learned,18,proxy,119.178925,train_mse
fixed_128__learned,fixed_128,learned,19,proxy,119.155968,train_mse
fixed_128__learned,fixed_128,learned,20,proxy,119.133987,train_mse
fixed_128__learned,fixed_128,learned,21,proxy,119.093979,train_mse
fixed_128__learned,fixed_128,learned,22,proxy,119.061455,train_mse
fixed_128__learned,fixed_128,learned,23,proxy,119.063728,train_mse
fixed_128__learned,fixed_128,learned,24,proxy,119.053635,train_mse
fixed_128__learned,fixed_128,learned,25,proxy,119.025864,train_mse
fixed_128__learned,fixed_128,learned,26,proxy,119.025421,train_mse
fixed_128__learned,fixed_128,learned,27,proxy,118.992813,train_mse
fixed_128__learned,fixed_128,learned,28,proxy,118.986847,train_mse
fixed_128__learned,fixed_128,learned,29,proxy,118.978424,train_mse
fixed_128__learned,fixed_128,learned,30,proxy,118.935333,train_mse
fixed_128__learned,fixed_128,learned,31,proxy,118.930992,train_mse
fixed_128__learned,fixed_128,learned,32,proxy,118.894798,train_mse
fixed_128__learned,fixed_128,learned,33,proxy,118.888321,train_mse
fixed_128__learned,fixed_128,learned,34,proxy,118.90789,train_mse
fixed_128__learned,fixed_128,learned,35,proxy,118.887581,train_mse
fixed_128__learned,fixed_128,learned,36,proxy,118.90686,train_mse
fixed_128__learned,fixed_128,learned,37,proxy,118.913849,train_mse
fixed_128__learned,fixed_128,learned,38,proxy,118.921677,train_mse
fixed_128__learned,fixed_128,learned,39,proxy,118.888489,train_mse
fixed_128__learned,fixed_128,learned,40,proxy,118.907822,train_mse
fixed_128__learned,fixed_128,learned,41,proxy,118.890816,train_mse
fixed_128__learned,fixed_128,learned,42,proxy,118.918991,train_mse
fixed_128__learned,fixed_128,learned,43,proxy,118.889343,train_mse
fixed_128__learned,fixed_128,learned,44,proxy,118.901749,train_mse
fixed_128__learned,fixed_128,learned,45,proxy,118.902718,train_mse
fixed_128__learned,fixed_128,learned,46,proxy,118.873894,train_mse
fixed_128__learned,fixed_128,learned,47,proxy,118.888962,train_mse
fixed_128__learned,fixed_128,learned,48,proxy,118.88945,train_mse
fixed_128__learned,fixed_128,learned,49,proxy,118.891579,train_mse
fixed_128__learned,fixed_128,learned,50,proxy,118.915909,train_mse
fixed_128__learned,fixed_128,learned,51,proxy,118.893784,train_mse
fixed_128__learned,fixed_128,learned,52,proxy,118.874931,train_mse
fixed_128__learned,fixed_128,learned,53,proxy,118.900002,train_mse
fixed_128__learned,fixed_128,learned,54,proxy,118.855988,train_mse
fixed_128__learned,fixed_128,learned,55,proxy,118.862946,train_mse
fixed_128__learned,fixed_128,learned,56,proxy,118.836052,train_mse
fixed_128__learned,fixed_128,learned,57,proxy,118.847801,train_mse
fixed_128__learned,fixed_128,learned,58,proxy,118.819351,train_mse
fixed_128__learned,fixed_128,learned,59,proxy,118.783981,train_mse
fixed_128__learned,fixed_128,learned,60,proxy,118.805779,train_mse
fixed_128__learned,fixed_128,learned,61,proxy,118.800034,train_mse
fixed_128__learned,fixed_128,learned,62,proxy,118.800423,train_mse
fixed_128__learned,fixed_128,learned,63,proxy,118.800064,train_mse
fixed_128__learned,fixed_128,learned,64,proxy,118.79451,train_mse
fixed_128__learned,fixed_128,learned,65,proxy,118.785263,train_mse
fixed_128__learned,fixed_128,learned,66,proxy,118.764076,train_mse
fixed_128__learned,fixed_128,learned,67,proxy,118.789879,train_mse
fixed_128__learned,fixed_128,learned,68,proxy,118.734077,train_mse
fixed_128__learned,fixed_128,learned,69,proxy,118.778625,train_mse
fixed_128__learned,fixed_128,learned,70,proxy,118.767525,train_mse
fixed_128__learned,fixed_128,learned,71,proxy,118.742714,train_mse
fixed_128__learned,fixed_128,learned,72,proxy,118.725006,train_mse
fixed_128__learned,fixed_128,learned,73,proxy,118.750504,train_mse
fixed_128__learned,fixed_128,learned,74,proxy,118.731499,train_mse
fixed_128__learned,fixed_128,learned,75,proxy,118.711853,train_mse
fixed_128__learned,fixed_128,learned,76,proxy,118.748932,train_mse
fixed_128__learned,fixed_128,learned,77,proxy,118.719513,train_mse
fixed_128__learned,fixed_128,learned,78,proxy,118.71492,train_mse
fixed_128__learned,fixed_128,learned,79,proxy,118.680801,train_mse
fixed_128__learned,fixed_128,learned,80,proxy,118.705383,train_mse
fixed_128__learned,fixed_128,learned,81,proxy,118.702103,train_mse
fixed_128__learned,fixed_128,learned,82,proxy,118.687958,train_mse
fixed_128__learned,fixed_128,learned,83,proxy,118.70787,train_mse
fixed_128__learned,fixed_128,learned,84,proxy,118.700127,train_mse
fixed_128__learned,fixed_128,learned,85,proxy,118.708344,train_mse
fixed_128__learned,fixed_128,learned,86,proxy,118.666496,train_mse
fixed_128__learned,fixed_128,learned,87,proxy,118.672989,train_mse
fixed_128__learned,fixed_128,learned,88,proxy,118.63694,train_mse
fixed_128__learned,fixed_128,learned,89,proxy,118.677834,train_mse
fixed_128__learned,fixed_128,learned,90,proxy,118.687523,train_mse
fixed_128__learned,fixed_128,learned,91,proxy,118.662643,train_mse
fixed_128__learned,fixed_128,learned,92,proxy,118.660522,train_mse
fixed_128__learned,fixed_128,learned,93,proxy,118.671539,train_mse
fixed_128__learned,fixed_128,learned,94,proxy,118.656204,train_mse
fixed_128__learned,fixed_128,learned,95,proxy,118.614304,train_mse
fixed_128__learned,fixed_128,learned,96,proxy,118.607315,train_mse
fixed_128__learned,fixed_128,learned,97,proxy,118.610977,train_mse
fixed_128__learned,fixed_128,learned,98,proxy,118.604034,train_mse
fixed_128__learned,fixed_128,learned,99,proxy,118.588097,train_mse
fixed_128__learned,fixed_128,learned,100,proxy,118.610229,train_mse
fixed_128__learned,fixed_128,learned,101,proxy,118.589417,train_mse
fixed_128__learned,fixed_128,learned,102,proxy,118.58255,train_mse
fixed_128__learned,fixed_128,learned,103,proxy,118.592087,train_mse
fixed_128__learned,fixed_128,learned,104,proxy,118.58744,train_mse
fixed_128__learned,fixed_128,learned,105,proxy,118.571365,train_mse
fixed_128__learned,fixed_128,learned,106,proxy,118.58046,train_mse
fixed_128__learned,fixed_128,learned,107,proxy,118.579857,train_mse
fixed_128__learned,fixed_128,learned,108,proxy,118.580757,train_mse
fixed_128__learned,fixed_128,learned,109,proxy,118.59227,train_mse
fixed_128__learned,fixed_128,learned,110,proxy,118.565445,train_mse
fixed_128__learned,fixed_128,learned,111,proxy,118.578796,train_mse
fixed_128__learned,fixed_128,learned,112,proxy,118.590691,train_mse
fixed_128__learned,fixed_128,learned,113,proxy,118.570747,train_mse
fixed_128__learned,fixed_128,learned,114,proxy,118.570503,train_mse
fixed_128__learned,fixed_128,learned,115,proxy,118.590302,train_mse
fixed_128__learned,fixed_128,learned,116,proxy,118.551819,train_mse
fixed_128__learned,fixed_128,learned,117,proxy,118.563774,train_mse
fixed_128__learned,fixed_128,learned,118,proxy,118.551834,train_mse
fixed_128__learned,fixed_128,learned,119,proxy,118.55867,train_mse
fixed_128__learned,fixed_128,learned,120,proxy,118.555046,train_mse
fixed_128__learned,fixed_128,learned,121,proxy,118.573685,train_mse
fixed_128__learned,fixed_128,learned,122,proxy,118.563576,train_mse
fixed_128__learned,fixed_128,learned,123,proxy,118.566986,train_mse
fixed_128__learned,fixed_128,learned,124,proxy,118.576569,train_mse
fixed_128__learned,fixed_128,learned,125,proxy,118.586304,train_mse
fixed_128__learned,fixed_128,learned,126,proxy,118.594879,train_mse
fixed_128__learned,fixed_128,learned,127,proxy,118.56694,train_mse
fixed_128__learned,fixed_128,learned,128,proxy,118.568535,train_mse
fixed_128__learned,fixed_128,learned,129,exact,69.833679,train_mse
fixed_128__random_101,fixed_128,random_101,1,proxy,177.545792,train_mse
fixed_128__random_101,fixed_128,random_101,2,proxy,166.605057,train_mse
fixed_128__random_101,fixed_128,random_101,3,proxy,161.346039,train_mse
fixed_128__random_101,fixed_128,random_101,4,proxy,158.319397,train_mse
fixed_128__random_101,fixed_128,random_101,5,proxy,155.996002,train_mse
fixed_128__random_101,fixed_128,random_101,6,proxy,154.395172,train_mse
fixed_128__random_101,fixed_128,random_101,7,proxy,152.89772,train_mse
fixed_128__random_101,fixed_128,random_101,8,proxy,151.893478,train_mse
fixed_128__random_101,fixed_128,random_101,9,proxy,151.219971,train_mse
fixed_128__random_101,fixed_128,random_101,10,proxy,150.755341,train_mse
fixed_128__random_101,fixed_128,random_101,11,proxy,150.02475,train_mse
fixed_128__random_101,fixed_128,random_101,12,proxy,149.524811,train_mse
fixed_128__random_101,fixed_128,random_101,13,proxy,148.965225,train_mse
fixed_128__random_101,fixed_128,random_101,14,proxy,148.49408,train_mse
fixed_128__random_101,fixed_128,random_101,15,proxy,148.00943,train_mse
fixed_128__random_101,fixed_128,random_101,16,proxy,147.606659,train_mse
fixed_128__random_101,fixed_128,random_101,17,proxy,147.279388,train_mse
fixed_128__random_101,fixed_128,random_101,18,proxy,147.031097,train_mse
fixed_128__random_101,fixed_128,random_101,19,proxy,146.893433,train_mse
fixed_128__random_101,fixed_128,random_101,20,proxy,146.768829,train_mse
fixed_128__random_101,fixed_128,random_101,21,proxy,146.509338,train_mse
fixed_128__random_101,fixed_128,random_101,22,proxy,146.303497,train_mse
fixed_128__random_101,fixed_128,random_101,23,proxy,146.211121,train_mse
fixed_128__random_101,fixed_128,random_101,24,proxy,146.085815,train_mse
fixed_128__random_101,fixed_128,random_101,25,proxy,145.995422,train_mse
fixed_128__random_101,fixed_128,random_101,26,proxy,145.880692,train_mse
fixed_128__random_101,fixed_128,random_101,27,proxy,145.754669,train_mse
fixed_128__random_101,fixed_128,random_101,28,proxy,145.653381,train_mse
fixed_128__random_101,fixed_128,random_101,29,proxy,145.518738,train_mse
fixed_128__random_101,fixed_128,random_101,30,proxy,145.316666,train_mse
fixed_128__random_101,fixed_128,random_101,31,proxy,145.163986,train_mse
fixed_128__random_101,fixed_128,random_101,32,proxy,144.99649,train_mse
fixed_128__random_101,fixed_128,random_101,33,proxy,144.847733,train_mse
fixed_128__random_101,fixed_128,random_101,34,proxy,144.682877,train_mse
fixed_128__random_101,fixed_128,random_101,35,proxy,144.524994,train_mse
fixed_128__random_101,fixed_128,random_101,36,proxy,144.302551,train_mse
fixed_128__random_101,fixed_128,random_101,37,proxy,144.158325,train_mse
fixed_128__random_101,fixed_128,random_101,38,proxy,144.04892,train_mse
fixed_128__random_101,fixed_128,random_101,39,proxy,143.865204,train_mse
fixed_128__random_101,fixed_128,random_101,40,proxy,143.753571,train_mse
fixed_128__random_101,fixed_128,random_101,41,proxy,143.473541,train_mse
fixed_128__random_101,fixed_128,random_101,42,proxy,143.33754,train_mse
fixed_128__random_101,fixed_128,random_101,43,proxy,143.201263,train_mse
fixed_128__random_101,fixed_128,random_101,44,proxy,143.049118,train_mse
fixed_128__random_101,fixed_128,random_101,45,proxy,142.896042,train_mse
fixed_128__random_101,fixed_128,random_101,46,proxy,142.756409,train_mse
fixed_128__random_101,fixed_128,random_101,47,proxy,142.781189,train_mse
fixed_128__random_101,fixed_128,random_101,48,proxy,142.677368,train_mse
fixed_128__random_101,fixed_128,random_101,49,proxy,142.556473,train_mse
fixed_128__random_101,fixed_128,random_101,50,proxy,142.425079,train_mse
fixed_128__random_101,fixed_128,random_101,51,proxy,142.346436,train_mse
fixed_128__random_101,fixed_128,random_101,52,proxy,142.222931,train_mse
fixed_128__random_101,fixed_128,random_101,53,proxy,142.143616,train_mse
fixed_128__random_101,fixed_128,random_101,54,proxy,142.037949,train_mse
fixed_128__random_101,fixed_128,random_101,55,proxy,141.970459,train_mse
fixed_128__random_101,fixed_128,random_101,56,proxy,141.904007,train_mse
fixed_128__random_101,fixed_128,random_101,57,proxy,141.805679,train_mse
fixed_128__random_101,fixed_128,random_101,58,proxy,141.764359,train_mse
fixed_128__random_101,fixed_128,random_101,59,proxy,141.632751,train_mse
fixed_128__random_101,fixed_128,random_101,60,proxy,141.626205,train_mse
fixed_128__random_101,fixed_128,random_101,61,proxy,141.540955,train_mse
fixed_128__random_101,fixed_128,random_101,62,proxy,141.443878,train_mse
fixed_128__random_101,fixed_128,random_101,63,proxy,141.309784,train_mse
fixed_128__random_101,fixed_128,random_101,64,proxy,141.225739,train_mse
fixed_128__random_101,fixed_128,random_101,65,proxy,141.156342,train_mse
fixed_128__random_101,fixed_128,random_101,66,proxy,141.059235,train_mse
fixed_128__random_101,fixed_128,random_101,67,proxy,140.953186,train_mse
fixed_128__random_101,fixed_128,random_101,68,proxy,140.938629,train_mse
fixed_128__random_101,fixed_128,random_101,69,proxy,140.883377,train_mse
fixed_128__random_101,fixed_128,random_101,70,proxy,140.831116,train_mse
fixed_128__random_101,fixed_128,random_101,71,proxy,140.79715,train_mse
fixed_128__random_101,fixed_128,random_101,72,proxy,140.715485,train_mse
fixed_128__random_101,fixed_128,random_101,73,proxy,140.708679,train_mse
fixed_128__random_101,fixed_128,random_101,74,proxy,140.671356,train_mse
fixed_128__random_101,fixed_128,random_101,75,proxy,140.633347,train_mse
fixed_128__random_101,fixed_128,random_101,76,proxy,140.540436,train_mse
fixed_128__random_101,fixed_128,random_101,77,proxy,140.491119,train_mse
fixed_128__random_101,fixed_128,random_101,78,proxy,140.446289,train_mse
fixed_128__random_101,fixed_128,random_101,79,proxy,140.440857,train_mse
fixed_128__random_101,fixed_128,random_101,80,proxy,140.427216,train_mse
fixed_128__random_101,fixed_128,random_101,81,proxy,140.383957,train_mse
fixed_128__random_101,fixed_128,random_101,82,proxy,140.308533,train_mse
fixed_128__random_101,fixed_128,random_101,83,proxy,140.261612,train_mse
fixed_128__random_101,fixed_128,random_101,84,proxy,140.181747,train_mse
fixed_128__random_101,fixed_128,random_101,85,proxy,140.164581,train_mse
fixed_128__random_101,fixed_128,random_101,86,proxy,140.179565,train_mse
fixed_128__random_101,fixed_128,random_101,87,proxy,140.089081,train_mse
fixed_128__random_101,fixed_128,random_101,88,proxy,140.045349,train_mse
fixed_128__random_101,fixed_128,random_101,89,proxy,140.025391,train_mse
fixed_128__random_101,fixed_128,random_101,90,proxy,139.995102,train_mse
fixed_128__random_101,fixed_128,random_101,91,proxy,139.975418,train_mse
fixed_128__random_101,fixed_128,random_101,92,proxy,139.948349,train_mse
fixed_128__random_101,fixed_128,random_101,93,proxy,139.907837,train_mse
fixed_128__random_101,fixed_128,random_101,94,proxy,139.816681,train_mse
fixed_128__random_101,fixed_128,random_101,95,proxy,139.824402,train_mse
fixed_128__random_101,fixed_128,random_101,96,proxy,139.789932,train_mse
fixed_128__random_101,fixed_128,random_101,97,proxy,139.740356,train_mse
fixed_128__random_101,fixed_128,random_101,98,proxy,139.75116,train_mse
fixed_128__random_101,fixed_128,random_101,99,proxy,139.659546,train_mse
fixed_128__random_101,fixed_128,random_101,100,proxy,139.499512,train_mse
fixed_128__random_101,fixed_128,random_101,101,proxy,139.443649,train_mse
fixed_128__random_101,fixed_128,random_101,102,proxy,139.414886,train_mse
fixed_128__random_101,fixed_128,random_101,103,proxy,139.294891,train_mse
fixed_128__random_101,fixed_128,random_101,104,proxy,139.174164,train_mse
fixed_128__random_101,fixed_128,random_101,105,proxy,139.010773,train_mse
fixed_128__random_101,fixed_128,random_101,106,proxy,138.866455,train_mse
fixed_128__random_101,fixed_128,random_101,107,proxy,138.753296,train_mse
fixed_128__random_101,fixed_128,random_101,108,proxy,138.715912,train_mse
fixed_128__random_101,fixed_128,random_101,109,proxy,138.614685,train_mse
fixed_128__random_101,fixed_128,random_101,110,proxy,138.56134,train_mse
fixed_128__random_101,fixed_128,random_101,111,proxy,138.544113,train_mse
fixed_128__random_101,fixed_128,random_101,112,proxy,138.559174,train_mse
fixed_128__random_101,fixed_128,random_101,113,proxy,138.500214,train_mse
fixed_128__random_101,fixed_128,random_101,114,proxy,138.503647,train_mse
fixed_128__random_101,fixed_128,random_101,115,proxy,138.448441,train_mse
fixed_128__random_101,fixed_128,random_101,116,proxy,138.436844,train_mse
fixed_128__random_101,fixed_128,random_101,117,proxy,138.431396,train_mse
fixed_128__random_101,fixed_128,random_101,118,proxy,138.394958,train_mse
fixed_128__random_101,fixed_128,random_101,119,proxy,138.374588,train_mse
fixed_128__random_101,fixed_128,random_101,120,proxy,138.362183,train_mse
fixed_128__random_101,fixed_128,random_101,121,proxy,138.368317,train_mse
fixed_128__random_101,fixed_128,random_101,122,proxy,138.371643,train_mse
fixed_128__random_101,fixed_128,random_101,123,proxy,138.370697,train_mse
fixed_128__random_101,fixed_128,random_101,124,proxy,138.329071,train_mse
fixed_128__random_101,fixed_128,random_101,125,proxy,138.337585,train_mse
fixed_128__random_101,fixed_128,random_101,126,proxy,138.296173,train_mse
fixed_128__random_101,fixed_128,random_101,127,proxy,138.271637,train_mse
fixed_128__random_101,fixed_128,random_101,128,proxy,138.267181,train_mse
fixed_128__random_101,fixed_128,random_101,129,exact,87.013802,train_mse
fixed_128__random_202,fixed_128,random_202,1,proxy,176.070023,train_mse
fixed_128__random_202,fixed_128,random_202,2,proxy,165.110519,train_mse
fixed_128__random_202,fixed_128,random_202,3,proxy,160.079071,train_mse
fixed_128__random_202,fixed_128,random_202,4,proxy,157.146423,train_mse
fixed_128__random_202,fixed_128,random_202,5,proxy,155.256088,train_mse
fixed_128__random_202,fixed_128,random_202,6,proxy,153.831497,train_mse
fixed_128__random_202,fixed_128,random_202,7,proxy,152.854172,train_mse
fixed_128__random_202,fixed_128,random_202,8,proxy,152.049011,train_mse
fixed_128__random_202,fixed_128,random_202,9,proxy,151.417557,train_mse
fixed_128__random_202,fixed_128,random_202,10,proxy,150.906982,train_mse
fixed_128__random_202,fixed_128,random_202,11,proxy,150.642029,train_mse
fixed_128__random_202,fixed_128,random_202,12,proxy,150.160217,train_mse
fixed_128__random_202,fixed_128,random_202,13,proxy,149.916962,train_mse
fixed_128__random_202,fixed_128,random_202,14,proxy,149.680435,train_mse
fixed_128__random_202,fixed_128,random_202,15,proxy,149.425537,train_mse
fixed_128__random_202,fixed_128,random_202,16,proxy,149.138901,train_mse
fixed_128__random_202,fixed_128,random_202,17,proxy,148.917023,train_mse
fixed_128__random_202,fixed_128,random_202,18,proxy,148.701965,train_mse
fixed_128__random_202,fixed_128,random_202,19,proxy,148.454132,train_mse
fixed_128__random_202,fixed_128,random_202,20,proxy,148.329208,train_mse
fixed_128__random_202,fixed_128,random_202,21,proxy,148.139236,train_mse
fixed_128__random_202,fixed_128,random_202,22,proxy,147.881439,train_mse
fixed_128__random_202,fixed_128,random_202,23,proxy,147.650925,train_mse
fixed_128__random_202,fixed_128,random_202,24,proxy,147.310654,train_mse
fixed_128__random_202,fixed_128,random_202,25,proxy,147.02681,train_mse
fixed_128__random_202,fixed_128,random_202,26,proxy,146.672104,train_mse
fixed_128__random_202,fixed_128,random_202,27,proxy,146.359283,train_mse
fixed_128__random_202,fixed_128,random_202,28,proxy,146.016632,train_mse
fixed_128__random_202,fixed_128,random_202,29,proxy,145.732681,train_mse
fixed_128__random_202,fixed_128,random_202,30,proxy,145.441696,train_mse
fixed_128__random_202,fixed_128,random_202,31,proxy,145.277069,train_mse
fixed_128__random_202,fixed_128,random_202,32,proxy,145.032791,train_mse
fixed_128__random_202,fixed_128,random_202,33,proxy,144.86496,train_mse
fixed_128__random_202,fixed_128,random_202,34,proxy,144.741943,train_mse
fixed_128__random_202,fixed_128,random_202,35,proxy,144.602905,train_mse
fixed_128__random_202,fixed_128,random_202,36,proxy,144.457092,train_mse
fixed_128__random_202,fixed_128,random_202,37,proxy,144.342987,train_mse
fixed_128__random_202,fixed_128,random_202,38,proxy,144.300232,train_mse
fixed_128__random_202,fixed_128,random_202,39,proxy,144.294769,train_mse
fixed_128__random_202,fixed_128,random_202,40,proxy,144.176575,train_mse
fixed_128__random_202,fixed_128,random_202,41,proxy,144.070557,train_mse
fixed_128__random_202,fixed_128,random_202,42,proxy,143.921631,train_mse
fixed_128__random_202,fixed_128,random_202,43,proxy,143.834534,train_mse
fixed_128__random_202,fixed_128,random_202,44,proxy,143.740463,train_mse
fixed_128__random_202,fixed_128,random_202,45,proxy,143.64856,train_mse
fixed_128__random_202,fixed_128,random_202,46,proxy,143.603561,train_mse
fixed_128__random_202,fixed_128,random_202,47,proxy,143.503571,train_mse
fixed_128__random_202,fixed_128,random_202,48,proxy,143.424591,train_mse
fixed_128__random_202,fixed_128,random_202,49,proxy,143.35878,train_mse
fixed_128__random_202,fixed_128,random_202,50,proxy,143.256592,train_mse
fixed_128__random_202,fixed_128,random_202,51,proxy,143.170242,train_mse
fixed_128__random_202,fixed_128,random_202,52,proxy,143.106277,train_mse
fixed_128__random_202,fixed_128,random_202,53,proxy,143.010193,train_mse
fixed_128__random_202,fixed_128,random_202,54,proxy,142.99408,train_mse
fixed_128__random_202,fixed_128,random_202,55,proxy,142.887192,train_mse
fixed_128__random_202,fixed_128,random_202,56,proxy,142.814072,train_mse
fixed_128__random_202,fixed_128,random_202,57,proxy,142.753113,train_mse
fixed_128__random_202,fixed_128,random_202,58,proxy,142.741547,train_mse
fixed_128__random_202,fixed_128,random_202,59,proxy,142.644669,train_mse
fixed_128__random_202,fixed_128,random_202,60,proxy,142.497101,train_mse
fixed_128__random_202,fixed_128,random_202,61,proxy,142.416321,train_mse
fixed_128__random_202,fixed_128,random_202,62,proxy,142.32959,train_mse
fixed_128__random_202,fixed_128,random_202,63,proxy,142.288544,train_mse
fixed_128__random_202,fixed_128,random_202,64,proxy,142.256241,train_mse
fixed_128__random_202,fixed_128,random_202,65,proxy,142.192566,train_mse
fixed_128__random_202,fixed_128,random_202,66,proxy,142.19751,train_mse
fixed_128__random_202,fixed_128,random_202,67,proxy,142.09845,train_mse
fixed_128__random_202,fixed_128,random_202,68,proxy,142.003494,train_mse
fixed_128__random_202,fixed_128,random_202,69,proxy,141.885681,train_mse
fixed_128__random_202,fixed_128,random_202,70,proxy,141.84964,train_mse
fixed_128__random_202,fixed_128,random_202,71,proxy,141.7845,train_mse
fixed_128__random_202,fixed_128,random_202,72,proxy,141.675659,train_mse
fixed_128__random_202,fixed_128,random_202,73,proxy,141.588837,train_mse
fixed_128__random_202,fixed_128,random_202,74,proxy,141.474808,train_mse
fixed_128__random_202,fixed_128,random_202,75,proxy,141.412308,train_mse
fixed_128__random_202,fixed_128,random_202,76,proxy,141.329208,train_mse
fixed_128__random_202,fixed_128,random_202,77,proxy,141.27655,train_mse
fixed_128__random_202,fixed_128,random_202,78,proxy,141.214264,train_mse
fixed_128__random_202,fixed_128,random_202,79,proxy,141.187531,train_mse
fixed_128__random_202,fixed_128,random_202,80,proxy,141.146362,train_mse
fixed_128__random_202,fixed_128,random_202,81,proxy,140.974762,train_mse
fixed_128__random_202,fixed_128,random_202,82,proxy,140.906784,train_mse
fixed_128__random_202,fixed_128,random_202,83,proxy,140.843414,train_mse
fixed_128__random_202,fixed_128,random_202,84,proxy,140.81427,train_mse
fixed_128__random_202,fixed_128,random_202,85,proxy,140.693298,train_mse
fixed_128__random_202,fixed_128,random_202,86,proxy,140.65094,train_mse
fixed_128__random_202,fixed_128,random_202,87,proxy,140.606049,train_mse
fixed_128__random_202,fixed_128,random_202,88,proxy,140.567993,train_mse
fixed_128__random_202,fixed_128,random_202,89,proxy,140.503418,train_mse
fixed_128__random_202,fixed_128,random_202,90,proxy,140.464645,train_mse
fixed_128__random_202,fixed_128,random_202,91,proxy,140.48909,train_mse
fixed_128__random_202,fixed_128,random_202,92,proxy,140.449432,train_mse
fixed_128__random_202,fixed_128,random_202,93,proxy,140.392197,train_mse
fixed_128__random_202,fixed_128,random_202,94,proxy,140.391968,train_mse
fixed_128__random_202,fixed_128,random_202,95,proxy,140.407928,train_mse
fixed_128__random_202,fixed_128,random_202,96,proxy,140.466431,train_mse
fixed_128__random_202,fixed_128,random_202,97,proxy,140.469055,train_mse
fixed_128__random_202,fixed_128,random_202,98,proxy,140.494415,train_mse
fixed_128__random_202,fixed_128,random_202,99,proxy,140.4478,train_mse
fixed_128__random_202,fixed_128,random_202,100,proxy,140.375854,train_mse
fixed_128__random_202,fixed_128,random_202,101,proxy,140.389709,train_mse
fixed_128__random_202,fixed_128,random_202,102,proxy,140.34726,train_mse
fixed_128__random_202,fixed_128,random_202,103,proxy,140.239975,train_mse
fixed_128__random_202,fixed_128,random_202,104,proxy,140.257553,train_mse
fixed_128__random_202,fixed_128,random_202,105,proxy,140.205231,train_mse
fixed_128__random_202,fixed_128,random_202,106,proxy,140.122498,train_mse
fixed_128__random_202,fixed_128,random_202,107,proxy,140.125488,train_mse
fixed_128__random_202,fixed_128,random_202,108,proxy,140.016434,train_mse
fixed_128__random_202,fixed_128,random_202,109,proxy,139.948471,train_mse
fixed_128__random_202,fixed_128,random_202,110,proxy,139.882965,train_mse
fixed_128__random_202,fixed_128,random_202,111,proxy,139.805695,train_mse
fixed_128__random_202,fixed_128,random_202,112,proxy,139.727051,train_mse
fixed_128__random_202,fixed_128,random_202,113,proxy,139.738312,train_mse
fixed_128__random_202,fixed_128,random_202,114,proxy,139.715668,train_mse
fixed_128__random_202,fixed_128,random_202,115,proxy,139.7202,train_mse
fixed_128__random_202,fixed_128,random_202,116,proxy,139.640427,train_mse
fixed_128__random_202,fixed_128,random_202,117,proxy,139.623993,train_mse
fixed_128__random_202,fixed_128,random_202,118,proxy,139.604706,train_mse
fixed_128__random_202,fixed_128,random_202,119,proxy,139.566162,train_mse
fixed_128__random_202,fixed_128,random_202,120,proxy,139.591263,train_mse
fixed_128__random_202,fixed_128,random_202,121,proxy,139.56842,train_mse
fixed_128__random_202,fixed_128,random_202,122,proxy,139.521545,train_mse
fixed_128__random_202,fixed_128,random_202,123,proxy,139.497604,train_mse
fixed_128__random_202,fixed_128,random_202,124,proxy,139.453918,train_mse
fixed_128__random_202,fixed_128,random_202,125,proxy,139.416321,train_mse
fixed_128__random_202,fixed_128,random_202,126,proxy,139.38562,train_mse
fixed_128__random_202,fixed_128,random_202,127,proxy,139.417862,train_mse
fixed_128__random_202,fixed_128,random_202,128,proxy,139.366882,train_mse
fixed_128__random_202,fixed_128,random_202,129,exact,87.529594,train_mse
fixed_128__random_303,fixed_128,random_303,1,proxy,175.186661,train_mse
fixed_128__random_303,fixed_128,random_303,2,proxy,164.331268,train_mse
fixed_128__random_303,fixed_128,random_303,3,proxy,159.187042,train_mse
fixed_128__random_303,fixed_128,random_303,4,proxy,156.337097,train_mse
fixed_128__random_303,fixed_128,random_303,5,proxy,154.314529,train_mse
fixed_128__random_303,fixed_128,random_303,6,proxy,153.003937,train_mse
fixed_128__random_303,fixed_128,random_303,7,proxy,151.942719,train_mse
fixed_128__random_303,fixed_128,random_303,8,proxy,151.217163,train_mse
fixed_128__random_303,fixed_128,random_303,9,proxy,150.655548,train_mse
fixed_128__random_303,fixed_128,random_303,10,proxy,150.190063,train_mse
fixed_128__random_303,fixed_128,random_303,11,proxy,149.664474,train_mse
fixed_128__random_303,fixed_128,random_303,12,proxy,149.302094,train_mse
fixed_128__random_303,fixed_128,random_303,13,proxy,148.802094,train_mse
fixed_128__random_303,fixed_128,random_303,14,proxy,148.452087,train_mse
fixed_128__random_303,fixed_128,random_303,15,proxy,148.231613,train_mse
fixed_128__random_303,fixed_128,random_303,16,proxy,147.929581,train_mse
fixed_128__random_303,fixed_128,random_303,17,proxy,147.729156,train_mse
fixed_128__random_303,fixed_128,random_303,18,proxy,147.482025,train_mse
fixed_128__random_303,fixed_128,random_303,19,proxy,147.259491,train_mse
fixed_128__random_303,fixed_128,random_303,20,proxy,147.084305,train_mse
fixed_128__random_303,fixed_128,random_303,21,proxy,146.935349,train_mse
fixed_128__random_303,fixed_128,random_303,22,proxy,146.720306,train_mse
fixed_128__random_303,fixed_128,random_303,23,proxy,146.499023,train_mse
fixed_128__random_303,fixed_128,random_303,24,proxy,146.343292,train_mse
fixed_128__random_303,fixed_128,random_303,25,proxy,146.184341,train_mse
fixed_128__random_303,fixed_128,random_303,26,proxy,145.984955,train_mse
fixed_128__random_303,fixed_128,random_303,27,proxy,145.840622,train_mse
fixed_128__random_303,fixed_128,random_303,28,proxy,145.725616,train_mse
fixed_128__random_303,fixed_128,random_303,29,proxy,145.52179,train_mse
fixed_128__random_303,fixed_128,random_303,30,proxy,145.367249,train_mse
fixed_128__random_303,fixed_128,random_303,31,proxy,145.293961,train_mse
fixed_128__random_303,fixed_128,random_303,32,proxy,145.102997,train_mse
fixed_128__random_303,fixed_128,random_303,33,proxy,144.972733,train_mse
fixed_128__random_303,fixed_128,random_303,34,proxy,144.849533,train_mse
fixed_128__random_303,fixed_128,random_303,35,proxy,144.803467,train_mse
fixed_128__random_303,fixed_128,random_303,36,proxy,144.645477,train_mse
fixed_128__random_303,fixed_128,random_303,37,proxy,144.45874,train_mse
fixed_128__random_303,fixed_128,random_303,38,proxy,144.412079,train_mse
fixed_128__random_303,fixed_128,random_303,39,proxy,144.346512,train_mse
fixed_128__random_303,fixed_128,random_303,40,proxy,144.215607,train_mse
fixed_128__random_303,fixed_128,random_303,41,proxy,144.18425,train_mse
fixed_128__random_303,fixed_128,random_303,42,proxy,144.058258,train_mse
fixed_128__random_303,fixed_128,random_303,43,proxy,143.876205,train_mse
fixed_128__random_303,fixed_128,random_303,44,proxy,143.807037,train_mse
fixed_128__random_303,fixed_128,random_303,45,proxy,143.62291,train_mse
fixed_128__random_303,fixed_128,random_303,46,proxy,143.481918,train_mse
fixed_128__random_303,fixed_128,random_303,47,proxy,143.332077,train_mse
fixed_128__random_303,fixed_128,random_303,48,proxy,143.200531,train_mse
fixed_128__random_303,fixed_128,random_303,49,proxy,143.052963,train_mse
fixed_128__random_303,fixed_128,random_303,50,proxy,142.92276,train_mse
fixed_128__random_303,fixed_128,random_303,51,proxy,142.818848,train_mse
fixed_128__random_303,fixed_128,random_303,52,proxy,142.685806,train_mse
fixed_128__random_303,fixed_128,random_303,53,proxy,142.560577,train_mse
fixed_128__random_303,fixed_128,random_303,54,proxy,142.441696,train_mse
fixed_128__random_303,fixed_128,random_303,55,proxy,142.34549,train_mse
fixed_128__random_303,fixed_128,random_303,56,proxy,142.235504,train_mse
fixed_128__random_303,fixed_128,random_303,57,proxy,142.197937,train_mse
fixed_128__random_303,fixed_128,random_303,58,proxy,142.170959,train_mse
fixed_128__random_303,fixed_128,random_303,59,proxy,142.090088,train_mse
fixed_128__random_303,fixed_128,random_303,60,proxy,142.092896,train_mse
fixed_128__random_303,fixed_128,random_303,61,proxy,142.004486,train_mse
fixed_128__random_303,fixed_128,random_303,62,proxy,141.927979,train_mse
fixed_128__random_303,fixed_128,random_303,63,proxy,141.825623,train_mse
fixed_128__random_303,fixed_128,random_303,64,proxy,141.805466,train_mse
fixed_128__random_303,fixed_128,random_303,65,proxy,141.734497,train_mse
fixed_128__random_303,fixed_128,random_303,66,proxy,141.698364,train_mse
fixed_128__random_303,fixed_128,random_303,67,proxy,141.621094,train_mse
fixed_128__random_303,fixed_128,random_303,68,proxy,141.607986,train_mse
fixed_128__random_303,fixed_128,random_303,69,proxy,141.601074,train_mse
fixed_128__random_303,fixed_128,random_303,70,proxy,141.589264,train_mse
fixed_128__random_303,fixed_128,random_303,71,proxy,141.538559,train_mse
fixed_128__random_303,fixed_128,random_303,72,proxy,141.533203,train_mse
fixed_128__random_303,fixed_128,random_303,73,proxy,141.521637,train_mse
fixed_128__random_303,fixed_128,random_303,74,proxy,141.491241,train_mse
fixed_128__random_303,fixed_128,random_303,75,proxy,141.456421,train_mse
fixed_128__random_303,fixed_128,random_303,76,proxy,141.421417,train_mse
fixed_128__random_303,fixed_128,random_303,77,proxy,141.333878,train_mse
fixed_128__random_303,fixed_128,random_303,78,proxy,141.312531,train_mse
fixed_128__random_303,fixed_128,random_303,79,proxy,141.27623,train_mse
fixed_128__random_303,fixed_128,random_303,80,proxy,141.207703,train_mse
fixed_128__random_303,fixed_128,random_303,81,proxy,141.263046,train_mse
fixed_128__random_303,fixed_128,random_303,82,proxy,141.191833,train_mse
fixed_128__random_303,fixed_128,random_303,83,proxy,141.145081,train_mse
fixed_128__random_303,fixed_128,random_303,84,proxy,141.097137,train_mse
fixed_128__random_303,fixed_128,random_303,85,proxy,141.078217,train_mse
fixed_128__random_303,fixed_128,random_303,86,proxy,141.073242,train_mse
fixed_128__random_303,fixed_128,random_303,87,proxy,141.025711,train_mse
fixed_128__random_303,fixed_128,random_303,88,proxy,140.983551,train_mse
fixed_128__random_303,fixed_128,random_303,89,proxy,140.964172,train_mse
fixed_128__random_303,fixed_128,random_303,90,proxy,140.904419,train_mse
fixed_128__random_303,fixed_128,random_303,91,proxy,140.860352,train_mse
fixed_128__random_303,fixed_128,random_303,92,proxy,140.744537,train_mse
fixed_128__random_303,fixed_128,random_303,93,proxy,140.678406,train_mse
fixed_128__random_303,fixed_128,random_303,94,proxy,140.668427,train_mse
fixed_128__random_303,fixed_128,random_303,95,proxy,140.56987,train_mse
fixed_128__random_303,fixed_128,random_303,96,proxy,140.559509,train_mse
fixed_128__random_303,fixed_128,random_303,97,proxy,140.530853,train_mse
fixed_128__random_303,fixed_128,random_303,98,proxy,140.49707,train_mse
fixed_128__random_303,fixed_128,random_303,99,proxy,140.439682,train_mse
fixed_128__random_303,fixed_128,random_303,100,proxy,140.360718,train_mse
fixed_128__random_303,fixed_128,random_303,101,proxy,140.317413,train_mse
fixed_128__random_303,fixed_128,random_303,102,proxy,140.225403,train_mse
fixed_128__random_303,fixed_128,random_303,103,proxy,140.16745,train_mse
fixed_128__random_303,fixed_128,random_303,104,proxy,140.099319,train_mse
fixed_128__random_303,fixed_128,random_303,105,proxy,140.006714,train_mse
fixed_128__random_303,fixed_128,random_303,106,proxy,139.943909,train_mse
fixed_128__random_303,fixed_128,random_303,107,proxy,139.929794,train_mse
fixed_128__random_303,fixed_128,random_303,108,proxy,139.928055,train_mse
fixed_128__random_303,fixed_128,random_303,109,proxy,139.911423,train_mse
fixed_128__random_303,fixed_128,random_303,110,proxy,139.907852,train_mse
fixed_128__random_303,fixed_128,random_303,111,proxy,139.859436,train_mse
fixed_128__random_303,fixed_128,random_303,112,proxy,139.852051,train_mse
fixed_128__random_303,fixed_128,random_303,113,proxy,139.787445,train_mse
fixed_128__random_303,fixed_128,random_303,114,proxy,139.789459,train_mse
fixed_128__random_303,fixed_128,random_303,115,proxy,139.76442,train_mse
fixed_128__random_303,fixed_128,random_303,116,proxy,139.780869,train_mse
fixed_128__random_303,fixed_128,random_303,117,proxy,139.742188,train_mse
fixed_128__random_303,fixed_128,random_303,118,proxy,139.780899,train_mse
fixed_128__random_303,fixed_128,random_303,119,proxy,139.813889,train_mse
fixed_128__random_303,fixed_128,random_303,120,proxy,139.820343,train_mse
fixed_128__random_303,fixed_128,random_303,121,proxy,139.762299,train_mse
fixed_128__random_303,fixed_128,random_303,122,proxy,139.696259,train_mse
fixed_128__random_303,fixed_128,random_303,123,proxy,139.707001,train_mse
fixed_128__random_303,fixed_128,random_303,124,proxy,139.599976,train_mse
fixed_128__random_303,fixed_128,random_303,125,proxy,139.513733,train_mse
fixed_128__random_303,fixed_128,random_303,126,proxy,139.422028,train_mse
fixed_128__random_303,fixed_128,random_303,127,proxy,139.355591,train_mse
fixed_128__random_303,fixed_128,random_303,128,proxy,139.321716,train_mse
fixed_128__random_303,fixed_128,random_303,129,exact,88.195374,train_mse
fixed_128__random_404,fixed_128,random_404,1,proxy,174.953171,train_mse
fixed_128__random_404,fixed_128,random_404,2,proxy,164.069534,train_mse
fixed_128__random_404,fixed_128,random_404,3,proxy,159.100006,train_mse
fixed_128__random_404,fixed_128,random_404,4,proxy,155.940964,train_mse
fixed_128__random_404,fixed_128,random_404,5,proxy,153.956635,train_mse
fixed_128__random_404,fixed_128,random_404,6,proxy,152.442871,train_mse
fixed_128__random_404,fixed_128,random_404,7,proxy,151.339508,train_mse
fixed_128__random_404,fixed_128,random_404,8,proxy,150.499191,train_mse
fixed_128__random_404,fixed_128,random_404,9,proxy,149.939056,train_mse
fixed_128__random_404,fixed_128,random_404,10,proxy,149.434296,train_mse
fixed_128__random_404,fixed_128,random_404,11,proxy,148.990784,train_mse
fixed_128__random_404,fixed_128,random_404,12,proxy,148.641083,train_mse
fixed_128__random_404,fixed_128,random_404,13,proxy,148.278595,train_mse
fixed_128__random_404,fixed_128,random_404,14,proxy,147.903,train_mse
fixed_128__random_404,fixed_128,random_404,15,proxy,147.687088,train_mse
fixed_128__random_404,fixed_128,random_404,16,proxy,147.425018,train_mse
fixed_128__random_404,fixed_128,random_404,17,proxy,147.221939,train_mse
fixed_128__random_404,fixed_128,random_404,18,proxy,146.960434,train_mse
fixed_128__random_404,fixed_128,random_404,19,proxy,146.809967,train_mse
fixed_128__random_404,fixed_128,random_404,20,proxy,146.51445,train_mse
fixed_128__random_404,fixed_128,random_404,21,proxy,146.268127,train_mse
fixed_128__random_404,fixed_128,random_404,22,proxy,145.953735,train_mse
fixed_128__random_404,fixed_128,random_404,23,proxy,145.6418,train_mse
fixed_128__random_404,fixed_128,random_404,24,proxy,145.32811,train_mse
fixed_128__random_404,fixed_128,random_404,25,proxy,145.028427,train_mse
fixed_128__random_404,fixed_128,random_404,26,proxy,144.634979,train_mse
fixed_128__random_404,fixed_128,random_404,27,proxy,144.398865,train_mse
fixed_128__random_404,fixed_128,random_404,28,proxy,144.253448,train_mse
fixed_128__random_404,fixed_128,random_404,29,proxy,143.981323,train_mse
fixed_128__random_404,fixed_128,random_404,30,proxy,143.767166,train_mse
fixed_128__random_404,fixed_128,random_404,31,proxy,143.534882,train_mse
fixed_128__random_404,fixed_128,random_404,32,proxy,143.237534,train_mse
fixed_128__random_404,fixed_128,random_404,33,proxy,142.920868,train_mse
fixed_128__random_404,fixed_128,random_404,34,proxy,142.686401,train_mse
fixed_128__random_404,fixed_128,random_404,35,proxy,142.360901,train_mse
fixed_128__random_404,fixed_128,random_404,36,proxy,142.036987,train_mse
fixed_128__random_404,fixed_128,random_404,37,proxy,141.831085,train_mse
fixed_128__random_404,fixed_128,random_404,38,proxy,141.56514,train_mse
fixed_128__random_404,fixed_128,random_404,39,proxy,141.233795,train_mse
fixed_128__random_404,fixed_128,random_404,40,proxy,140.915375,train_mse
fixed_128__random_404,fixed_128,random_404,41,proxy,140.577179,train_mse
fixed_128__random_404,fixed_128,random_404,42,proxy,140.292969,train_mse
fixed_128__random_404,fixed_128,random_404,43,proxy,140.07132,train_mse
fixed_128__random_404,fixed_128,random_404,44,proxy,139.885345,train_mse
fixed_128__random_404,fixed_128,random_404,45,proxy,139.691254,train_mse
fixed_128__random_404,fixed_128,random_404,46,proxy,139.445984,train_mse
fixed_128__random_404,fixed_128,random_404,47,proxy,139.251709,train_mse
fixed_128__random_404,fixed_128,random_404,48,proxy,139.066513,train_mse
fixed_128__random_404,fixed_128,random_404,49,proxy,138.94278,train_mse
fixed_128__random_404,fixed_128,random_404,50,proxy,138.868073,train_mse
fixed_128__random_404,fixed_128,random_404,51,proxy,138.65451,train_mse
fixed_128__random_404,fixed_128,random_404,52,proxy,138.614868,train_mse
fixed_128__random_404,fixed_128,random_404,53,proxy,138.436234,train_mse
fixed_128__random_404,fixed_128,random_404,54,proxy,138.410004,train_mse
fixed_128__random_404,fixed_128,random_404,55,proxy,138.302414,train_mse
fixed_128__random_404,fixed_128,random_404,56,proxy,138.162704,train_mse
fixed_128__random_404,fixed_128,random_404,57,proxy,138.115723,train_mse
fixed_128__random_404,fixed_128,random_404,58,proxy,138.044922,train_mse
fixed_128__random_404,fixed_128,random_404,59,proxy,137.880127,train_mse
fixed_128__random_404,fixed_128,random_404,60,proxy,137.808319,train_mse
fixed_128__random_404,fixed_128,random_404,61,proxy,137.702591,train_mse
fixed_128__random_404,fixed_128,random_404,62,proxy,137.645508,train_mse
fixed_128__random_404,fixed_128,random_404,63,proxy,137.504807,train_mse
fixed_128__random_404,fixed_128,random_404,64,proxy,137.433685,train_mse
fixed_128__random_404,fixed_128,random_404,65,proxy,137.40686,train_mse
fixed_128__random_404,fixed_128,random_404,66,proxy,137.35141,train_mse
fixed_128__random_404,fixed_128,random_404,67,proxy,137.328064,train_mse
fixed_128__random_404,fixed_128,random_404,68,proxy,137.258591,train_mse
fixed_128__random_404,fixed_128,random_404,69,proxy,137.240936,train_mse
fixed_128__random_404,fixed_128,random_404,70,proxy,137.167526,train_mse
fixed_128__random_404,fixed_128,random_404,71,proxy,137.10498,train_mse
fixed_128__random_404,fixed_128,random_404,72,proxy,137.06134,train_mse
fixed_128__random_404,fixed_128,random_404,73,proxy,137.063507,train_mse
fixed_128__random_404,fixed_128,random_404,74,proxy,136.979279,train_mse
fixed_128__random_404,fixed_128,random_404,75,proxy,136.925766,train_mse
fixed_128__random_404,fixed_128,random_404,76,proxy,136.936615,train_mse
fixed_128__random_404,fixed_128,random_404,77,proxy,136.837372,train_mse
fixed_128__random_404,fixed_128,random_404,78,proxy,136.78418,train_mse
fixed_128__random_404,fixed_128,random_404,79,proxy,136.82785,train_mse
fixed_128__random_404,fixed_128,random_404,80,proxy,136.769928,train_mse
fixed_128__random_404,fixed_128,random_404,81,proxy,136.67778,train_mse
fixed_128__random_404,fixed_128,random_404,82,proxy,136.66835,train_mse
fixed_128__random_404,fixed_128,random_404,83,proxy,136.654846,train_mse
fixed_128__random_404,fixed_128,random_404,84,proxy,136.63501,train_mse
fixed_128__random_404,fixed_128,random_404,85,proxy,136.591476,train_mse
fixed_128__random_404,fixed_128,random_404,86,proxy,136.533752,train_mse
fixed_128__random_404,fixed_128,random_404,87,proxy,136.523712,train_mse
fixed_128__random_404,fixed_128,random_404,88,proxy,136.525818,train_mse
fixed_128__random_404,fixed_128,random_404,89,proxy,136.491913,train_mse
fixed_128__random_404,fixed_128,random_404,90,proxy,136.447632,train_mse
fixed_128__random_404,fixed_128,random_404,91,proxy,136.409302,train_mse
fixed_128__random_404,fixed_128,random_404,92,proxy,136.391281,train_mse
fixed_128__random_404,fixed_128,random_404,93,proxy,136.326508,train_mse
fixed_128__random_404,fixed_128,random_404,94,proxy,136.289581,train_mse
fixed_128__random_404,fixed_128,random_404,95,proxy,136.230255,train_mse
fixed_128__random_404,fixed_128,random_404,96,proxy,136.171478,train_mse
fixed_128__random_404,fixed_128,random_404,97,proxy,136.149384,train_mse
fixed_128__random_404,fixed_128,random_404,98,proxy,136.075241,train_mse
fixed_128__random_404,fixed_128,random_404,99,proxy,136.011444,train_mse
fixed_128__random_404,fixed_128,random_404,100,proxy,135.966476,train_mse
fixed_128__random_404,fixed_128,random_404,101,proxy,135.875671,train_mse
fixed_128__random_404,fixed_128,random_404,102,proxy,135.829132,train_mse
fixed_128__random_404,fixed_128,random_404,103,proxy,135.766403,train_mse
fixed_128__random_404,fixed_128,random_404,104,proxy,135.775162,train_mse
fixed_128__random_404,fixed_128,random_404,105,proxy,135.76149,train_mse
fixed_128__random_404,fixed_128,random_404,106,proxy,135.765884,train_mse
fixed_128__random_404,fixed_128,random_404,107,proxy,135.76178,train_mse
fixed_128__random_404,fixed_128,random_404,108,proxy,135.776337,train_mse
fixed_128__random_404,fixed_128,random_404,109,proxy,135.760803,train_mse
fixed_128__random_404,fixed_128,random_404,110,proxy,135.782852,train_mse
fixed_128__random_404,fixed_128,random_404,111,proxy,135.790527,train_mse
fixed_128__random_404,fixed_128,random_404,112,proxy,135.735199,train_mse
fixed_128__random_404,fixed_128,random_404,113,proxy,135.725021,train_mse
fixed_128__random_404,fixed_128,random_404,114,proxy,135.748413,train_mse
fixed_128__random_404,fixed_128,random_404,115,proxy,135.770447,train_mse
fixed_128__random_404,fixed_128,random_404,116,proxy,135.819214,train_mse
fixed_128__random_404,fixed_128,random_404,117,proxy,135.791565,train_mse
fixed_128__random_404,fixed_128,random_404,118,proxy,135.837936,train_mse
fixed_128__random_404,fixed_128,random_404,119,proxy,135.788437,train_mse
fixed_128__random_404,fixed_128,random_404,120,proxy,135.783844,train_mse
fixed_128__random_404,fixed_128,random_404,121,proxy,135.779175,train_mse
fixed_128__random_404,fixed_128,random_404,122,proxy,135.744904,train_mse
fixed_128__random_404,fixed_128,random_404,123,proxy,135.753296,train_mse
fixed_128__random_404,fixed_128,random_404,124,proxy,135.747482,train_mse
fixed_128__random_404,fixed_128,random_404,125,proxy,135.699371,train_mse
fixed_128__random_404,fixed_128,random_404,126,proxy,135.608871,train_mse
fixed_128__random_404,fixed_128,random_404,127,proxy,135.621338,train_mse
fixed_128__random_404,fixed_128,random_404,128,proxy,135.584793,train_mse
fixed_128__random_404,fixed_128,random_404,129,exact,85.509956,train_mse
fixed_128__random_505,fixed_128,random_505,1,proxy,171.98497,train_mse
fixed_128__random_505,fixed_128,random_505,2,proxy,161.3349,train_mse
fixed_128__random_505,fixed_128,random_505,3,proxy,156.594849,train_mse
fixed_128__random_505,fixed_128,random_505,4,proxy,153.990738,train_mse
fixed_128__random_505,fixed_128,random_505,5,proxy,152.197205,train_mse
fixed_128__random_505,fixed_128,random_505,6,proxy,151.027252,train_mse
fixed_128__random_505,fixed_128,random_505,7,proxy,149.965698,train_mse
fixed_128__random_505,fixed_128,random_505,8,proxy,149.220398,train_mse
fixed_128__random_505,fixed_128,random_505,9,proxy,148.701187,train_mse
fixed_128__random_505,fixed_128,random_505,10,proxy,148.098923,train_mse
fixed_128__random_505,fixed_128,random_505,11,proxy,147.611588,train_mse
fixed_128__random_505,fixed_128,random_505,12,proxy,147.231033,train_mse
fixed_128__random_505,fixed_128,random_505,13,proxy,146.969818,train_mse
fixed_128__random_505,fixed_128,random_505,14,proxy,146.652313,train_mse
fixed_128__random_505,fixed_128,random_505,15,proxy,146.494659,train_mse
fixed_128__random_505,fixed_128,random_505,16,proxy,146.29184,train_mse
fixed_128__random_505,fixed_128,random_505,17,proxy,146.106033,train_mse
fixed_128__random_505,fixed_128,random_505,18,proxy,146.003296,train_mse
fixed_128__random_505,fixed_128,random_505,19,proxy,145.73526,train_mse
fixed_128__random_505,fixed_128,random_505,20,proxy,145.654846,train_mse
fixed_128__random_505,fixed_128,random_505,21,proxy,145.547974,train_mse
fixed_128__random_505,fixed_128,random_505,22,proxy,145.43013,train_mse
fixed_128__random_505,fixed_128,random_505,23,proxy,145.371262,train_mse
fixed_128__random_505,fixed_128,random_505,24,proxy,145.225861,train_mse
fixed_128__random_505,fixed_128,random_505,25,proxy,145.134491,train_mse
fixed_128__random_505,fixed_128,random_505,26,proxy,144.980286,train_mse
fixed_128__random_505,fixed_128,random_505,27,proxy,144.802307,train_mse
fixed_128__random_505,fixed_128,random_505,28,proxy,144.665497,train_mse
fixed_128__random_505,fixed_128,random_505,29,proxy,144.607086,train_mse
fixed_128__random_505,fixed_128,random_505,30,proxy,144.479401,train_mse
fixed_128__random_505,fixed_128,random_505,31,proxy,144.424088,train_mse
fixed_128__random_505,fixed_128,random_505,32,proxy,144.304962,train_mse
fixed_128__random_505,fixed_128,random_505,33,proxy,144.231506,train_mse
fixed_128__random_505,fixed_128,random_505,34,proxy,144.079681,train_mse
fixed_128__random_505,fixed_128,random_505,35,proxy,144.048279,train_mse
fixed_128__random_505,fixed_128,random_505,36,proxy,143.905304,train_mse
fixed_128__random_505,fixed_128,random_505,37,proxy,143.669708,train_mse
fixed_128__random_505,fixed_128,random_505,38,proxy,143.454834,train_mse
fixed_128__random_505,fixed_128,random_505,39,proxy,143.320496,train_mse
fixed_128__random_505,fixed_128,random_505,40,proxy,143.178528,train_mse
fixed_128__random_505,fixed_128,random_505,41,proxy,143.075256,train_mse
fixed_128__random_505,fixed_128,random_505,42,proxy,143.020447,train_mse
fixed_128__random_505,fixed_128,random_505,43,proxy,142.916443,train_mse
fixed_128__random_505,fixed_128,random_505,44,proxy,142.772614,train_mse
fixed_128__random_505,fixed_128,random_505,45,proxy,142.650513,train_mse
fixed_128__random_505,fixed_128,random_505,46,proxy,142.548065,train_mse
fixed_128__random_505,fixed_128,random_505,47,proxy,142.434494,train_mse
fixed_128__random_505,fixed_128,random_505,48,proxy,142.255447,train_mse
fixed_128__random_505,fixed_128,random_505,49,proxy,142.117844,train_mse
fixed_128__random_505,fixed_128,random_505,50,proxy,142.075882,train_mse
fixed_128__random_505,fixed_128,random_505,51,proxy,141.970566,train_mse
fixed_128__random_505,fixed_128,random_505,52,proxy,141.860611,train_mse
fixed_128__random_505,fixed_128,random_505,53,proxy,141.759766,train_mse
fixed_128__random_505,fixed_128,random_505,54,proxy,141.664917,train_mse
fixed_128__random_505,fixed_128,random_505,55,proxy,141.555969,train_mse
fixed_128__random_505,fixed_128,random_505,56,proxy,141.515503,train_mse
fixed_128__random_505,fixed_128,random_505,57,proxy,141.452118,train_mse
fixed_128__random_505,fixed_128,random_505,58,proxy,141.403458,train_mse
fixed_128__random_505,fixed_128,random_505,59,proxy,141.33136,train_mse
fixed_128__random_505,fixed_128,random_505,60,proxy,141.29834,train_mse
fixed_128__random_505,fixed_128,random_505,61,proxy,141.23233,train_mse
fixed_128__random_505,fixed_128,random_505,62,proxy,141.148041,train_mse
fixed_128__random_505,fixed_128,random_505,63,proxy,141.063385,train_mse
fixed_128__random_505,fixed_128,random_505,64,proxy,141.015244,train_mse
fixed_128__random_505,fixed_128,random_505,65,proxy,141.018967,train_mse
fixed_128__random_505,fixed_128,random_505,66,proxy,140.923111,train_mse
fixed_128__random_505,fixed_128,random_505,67,proxy,140.86795,train_mse
fixed_128__random_505,fixed_128,random_505,68,proxy,140.778473,train_mse
fixed_128__random_505,fixed_128,random_505,69,proxy,140.753571,train_mse
fixed_128__random_505,fixed_128,random_505,70,proxy,140.701431,train_mse
fixed_128__random_505,fixed_128,random_505,71,proxy,140.630859,train_mse
fixed_128__random_505,fixed_128,random_505,72,proxy,140.637726,train_mse
fixed_128__random_505,fixed_128,random_505,73,proxy,140.586792,train_mse
fixed_128__random_505,fixed_128,random_505,74,proxy,140.552155,train_mse
fixed_128__random_505,fixed_128,random_505,75,proxy,140.487503,train_mse
fixed_128__random_505,fixed_128,random_505,76,proxy,140.461304,train_mse
fixed_128__random_505,fixed_128,random_505,77,proxy,140.455338,train_mse
fixed_128__random_505,fixed_128,random_505,78,proxy,140.379517,train_mse
fixed_128__random_505,fixed_128,random_505,79,proxy,140.368958,train_mse
fixed_128__random_505,fixed_128,random_505,80,proxy,140.372238,train_mse
fixed_128__random_505,fixed_128,random_505,81,proxy,140.327362,train_mse
fixed_128__random_505,fixed_128,random_505,82,proxy,140.282562,train_mse
fixed_128__random_505,fixed_128,random_505,83,proxy,140.264862,train_mse
fixed_128__random_505,fixed_128,random_505,84,proxy,140.211792,train_mse
fixed_128__random_505,fixed_128,random_505,85,proxy,140.129745,train_mse
fixed_128__random_505,fixed_128,random_505,86,proxy,140.103455,train_mse
fixed_128__random_505,fixed_128,random_505,87,proxy,140.072205,train_mse
fixed_128__random_505,fixed_128,random_505,88,proxy,140.047882,train_mse
fixed_128__random_505,fixed_128,random_505,89,proxy,140.029175,train_mse
fixed_128__random_505,fixed_128,random_505,90,proxy,139.978058,train_mse
fixed_128__random_505,fixed_128,random_505,91,proxy,139.934906,train_mse
fixed_128__random_505,fixed_128,random_505,92,proxy,139.891876,train_mse
fixed_128__random_505,fixed_128,random_505,93,proxy,139.839874,train_mse
fixed_128__random_505,fixed_128,random_505,94,proxy,139.785248,train_mse
fixed_128__random_505,fixed_128,random_505,95,proxy,139.762634,train_mse
fixed_128__random_505,fixed_128,random_505,96,proxy,139.65538,train_mse
fixed_128__random_505,fixed_128,random_505,97,proxy,139.608047,train_mse
fixed_128__random_505,fixed_128,random_505,98,proxy,139.591766,train_mse
fixed_128__random_505,fixed_128,random_505,99,proxy,139.499451,train_mse
fixed_128__random_505,fixed_128,random_505,100,proxy,139.422333,train_mse
fixed_128__random_505,fixed_128,random_505,101,proxy,139.373322,train_mse
fixed_128__random_505,fixed_128,random_505,102,proxy,139.365112,train_mse
fixed_128__random_505,fixed_128,random_505,103,proxy,139.263901,train_mse
fixed_128__random_505,fixed_128,random_505,104,proxy,139.257202,train_mse
fixed_128__random_505,fixed_128,random_505,105,proxy,139.201218,train_mse
fixed_128__random_505,fixed_128,random_505,106,proxy,139.153198,train_mse
fixed_128__random_505,fixed_128,random_505,107,proxy,139.098511,train_mse
fixed_128__random_505,fixed_128,random_505,108,proxy,139.08017,train_mse
fixed_128__random_505,fixed_128,random_505,109,proxy,138.960938,train_mse
fixed_128__random_505,fixed_128,random_505,110,proxy,138.874176,train_mse
fixed_128__random_505,fixed_128,random_505,111,proxy,138.841141,train_mse
fixed_128__random_505,fixed_128,random_505,112,proxy,138.754944,train_mse
fixed_128__random_505,fixed_128,random_505,113,proxy,138.712708,train_mse
fixed_128__random_505,fixed_128,random_505,114,proxy,138.675842,train_mse
fixed_128__random_505,fixed_128,random_505,115,proxy,138.671051,train_mse
fixed_128__random_505,fixed_128,random_505,116,proxy,138.651337,train_mse
fixed_128__random_505,fixed_128,random_505,117,proxy,138.583496,train_mse
fixed_128__random_505,fixed_128,random_505,118,proxy,138.579193,train_mse
fixed_128__random_505,fixed_128,random_505,119,proxy,138.57608,train_mse
fixed_128__random_505,fixed_128,random_505,120,proxy,138.500641,train_mse
fixed_128__random_505,fixed_128,random_505,121,proxy,138.523056,train_mse
fixed_128__random_505,fixed_128,random_505,122,proxy,138.537567,train_mse
fixed_128__random_505,fixed_128,random_505,123,proxy,138.466843,train_mse
fixed_128__random_505,fixed_128,random_505,124,proxy,138.446838,train_mse
fixed_128__random_505,fixed_128,random_505,125,proxy,138.421112,train_mse
fixed_128__random_505,fixed_128,random_505,126,proxy,138.372345,train_mse
fixed_128__random_505,fixed_128,random_505,127,proxy,138.405563,train_mse
fixed_128__random_505,fixed_128,random_505,128,proxy,138.404175,train_mse
fixed_128__random_505,fixed_128,random_505,129,exact,87.870148,train_mse
fixed_512__contiguous,fixed_512,contiguous,1,proxy,144.88623,train_mse
fixed_512__contiguous,fixed_512,contiguous,2,proxy,137.540527,train_mse
fixed_512__contiguous,fixed_512,contiguous,3,proxy,134.438354,train_mse
fixed_512__contiguous,fixed_512,contiguous,4,proxy,132.830826,train_mse
fixed_512__contiguous,fixed_512,contiguous,5,proxy,131.812225,train_mse
fixed_512__contiguous,fixed_512,contiguous,6,proxy,131.076752,train_mse
fixed_512__contiguous,fixed_512,contiguous,7,proxy,130.396942,train_mse
fixed_512__contiguous,fixed_512,contiguous,8,proxy,130.07785,train_mse
fixed_512__contiguous,fixed_512,contiguous,9,proxy,129.735062,train_mse
fixed_512__contiguous,fixed_512,contiguous,10,proxy,129.402344,train_mse
fixed_512__contiguous,fixed_512,contiguous,11,proxy,129.220123,train_mse
fixed_512__contiguous,fixed_512,contiguous,12,proxy,128.971191,train_mse
fixed_512__contiguous,fixed_512,contiguous,13,proxy,128.786285,train_mse
fixed_512__contiguous,fixed_512,contiguous,14,proxy,128.571716,train_mse
fixed_512__contiguous,fixed_512,contiguous,15,proxy,128.387512,train_mse
fixed_512__contiguous,fixed_512,contiguous,16,proxy,128.216156,train_mse
fixed_512__contiguous,fixed_512,contiguous,17,proxy,128.056976,train_mse
fixed_512__contiguous,fixed_512,contiguous,18,proxy,127.848984,train_mse
fixed_512__contiguous,fixed_512,contiguous,19,proxy,127.688278,train_mse
fixed_512__contiguous,fixed_512,contiguous,20,proxy,127.519653,train_mse
fixed_512__contiguous,fixed_512,contiguous,21,proxy,127.407959,train_mse
fixed_512__contiguous,fixed_512,contiguous,22,proxy,127.303116,train_mse
fixed_512__contiguous,fixed_512,contiguous,23,proxy,127.094658,train_mse
fixed_512__contiguous,fixed_512,contiguous,24,proxy,127.017288,train_mse
fixed_512__contiguous,fixed_512,contiguous,25,proxy,126.893379,train_mse
fixed_512__contiguous,fixed_512,contiguous,26,proxy,126.697021,train_mse
fixed_512__contiguous,fixed_512,contiguous,27,proxy,126.573486,train_mse
fixed_512__contiguous,fixed_512,contiguous,28,proxy,126.531944,train_mse
fixed_512__contiguous,fixed_512,contiguous,29,proxy,126.437859,train_mse
fixed_512__contiguous,fixed_512,contiguous,30,proxy,126.346161,train_mse
fixed_512__contiguous,fixed_512,contiguous,31,proxy,126.259109,train_mse
fixed_512__contiguous,fixed_512,contiguous,32,proxy,126.141205,train_mse
fixed_512__contiguous,fixed_512,contiguous,33,proxy,126.028664,train_mse
fixed_512__contiguous,fixed_512,contiguous,34,proxy,125.951782,train_mse
fixed_512__contiguous,fixed_512,contiguous,35,proxy,125.87117,train_mse
fixed_512__contiguous,fixed_512,contiguous,36,proxy,125.781372,train_mse
fixed_512__contiguous,fixed_512,contiguous,37,proxy,125.757339,train_mse
fixed_512__contiguous,fixed_512,contiguous,38,proxy,125.70639,train_mse
fixed_512__contiguous,fixed_512,contiguous,39,proxy,125.682968,train_mse
fixed_512__contiguous,fixed_512,contiguous,40,proxy,125.643143,train_mse
fixed_512__contiguous,fixed_512,contiguous,41,proxy,125.568817,train_mse
fixed_512__contiguous,fixed_512,contiguous,42,proxy,125.494064,train_mse
fixed_512__contiguous,fixed_512,contiguous,43,proxy,125.426323,train_mse
fixed_512__contiguous,fixed_512,contiguous,44,proxy,125.369293,train_mse
fixed_512__contiguous,fixed_512,contiguous,45,proxy,125.350876,train_mse
fixed_512__contiguous,fixed_512,contiguous,46,proxy,125.264984,train_mse
fixed_512__contiguous,fixed_512,contiguous,47,proxy,125.193275,train_mse
fixed_512__contiguous,fixed_512,contiguous,48,proxy,125.132538,train_mse
fixed_512__contiguous,fixed_512,contiguous,49,proxy,125.093048,train_mse
fixed_512__contiguous,fixed_512,contiguous,50,proxy,124.977829,train_mse
fixed_512__contiguous,fixed_512,contiguous,51,proxy,124.884064,train_mse
fixed_512__contiguous,fixed_512,contiguous,52,proxy,124.825241,train_mse
fixed_512__contiguous,fixed_512,contiguous,53,proxy,124.721848,train_mse
fixed_512__contiguous,fixed_512,contiguous,54,proxy,124.617569,train_mse
fixed_512__contiguous,fixed_512,contiguous,55,proxy,124.504349,train_mse
fixed_512__contiguous,fixed_512,contiguous,56,proxy,124.411522,train_mse
fixed_512__contiguous,fixed_512,contiguous,57,proxy,124.347336,train_mse
fixed_512__contiguous,fixed_512,contiguous,58,proxy,124.277908,train_mse
fixed_512__contiguous,fixed_512,contiguous,59,proxy,124.222275,train_mse
fixed_512__contiguous,fixed_512,contiguous,60,proxy,124.081894,train_mse
fixed_512__contiguous,fixed_512,contiguous,61,proxy,124.049057,train_mse
fixed_512__contiguous,fixed_512,contiguous,62,proxy,123.928436,train_mse
fixed_512__contiguous,fixed_512,contiguous,63,proxy,123.821228,train_mse
fixed_512__contiguous,fixed_512,contiguous,64,proxy,123.809807,train_mse
fixed_512__contiguous,fixed_512,contiguous,65,proxy,123.756432,train_mse
fixed_512__contiguous,fixed_512,contiguous,66,proxy,123.734879,train_mse
fixed_512__contiguous,fixed_512,contiguous,67,proxy,123.71669,train_mse
fixed_512__contiguous,fixed_512,contiguous,68,proxy,123.63942,train_mse
fixed_512__contiguous,fixed_512,contiguous,69,proxy,123.625076,train_mse
fixed_512__contiguous,fixed_512,contiguous,70,proxy,123.589165,train_mse
fixed_512__contiguous,fixed_512,contiguous,71,proxy,123.524094,train_mse
fixed_512__contiguous,fixed_512,contiguous,72,proxy,123.471436,train_mse
fixed_512__contiguous,fixed_512,contiguous,73,proxy,123.396736,train_mse
fixed_512__contiguous,fixed_512,contiguous,74,proxy,123.310806,train_mse
fixed_512__contiguous,fixed_512,contiguous,75,proxy,123.290588,train_mse
fixed_512__contiguous,fixed_512,contiguous,76,proxy,123.25383,train_mse
fixed_512__contiguous,fixed_512,contiguous,77,proxy,123.192154,train_mse
fixed_512__contiguous,fixed_512,contiguous,78,proxy,123.18074,train_mse
fixed_512__contiguous,fixed_512,contiguous,79,proxy,123.105049,train_mse
fixed_512__contiguous,fixed_512,contiguous,80,proxy,123.045067,train_mse
fixed_512__contiguous,fixed_512,contiguous,81,proxy,122.972305,train_mse
fixed_512__contiguous,fixed_512,contiguous,82,proxy,122.850311,train_mse
fixed_512__contiguous,fixed_512,contiguous,83,proxy,122.78701,train_mse
fixed_512__contiguous,fixed_512,contiguous,84,proxy,122.726654,train_mse
fixed_512__contiguous,fixed_512,contiguous,85,proxy,122.701202,train_mse
fixed_512__contiguous,fixed_512,contiguous,86,proxy,122.657173,train_mse
fixed_512__contiguous,fixed_512,contiguous,87,proxy,122.599609,train_mse
fixed_512__contiguous,fixed_512,contiguous,88,proxy,122.553307,train_mse
fixed_512__contiguous,fixed_512,contiguous,89,proxy,122.470734,train_mse
fixed_512__contiguous,fixed_512,contiguous,90,proxy,122.463928,train_mse
fixed_512__contiguous,fixed_512,contiguous,91,proxy,122.399597,train_mse
fixed_512__contiguous,fixed_512,contiguous,92,proxy,122.394104,train_mse
fixed_512__contiguous,fixed_512,contiguous,93,proxy,122.323792,train_mse
fixed_512__contiguous,fixed_512,contiguous,94,proxy,122.304016,train_mse
fixed_512__contiguous,fixed_512,contiguous,95,proxy,122.246811,train_mse
fixed_512__contiguous,fixed_512,contiguous,96,proxy,122.197662,train_mse
fixed_512__contiguous,fixed_512,contiguous,97,proxy,122.186821,train_mse
fixed_512__contiguous,fixed_512,contiguous,98,proxy,122.127304,train_mse
fixed_512__contiguous,fixed_512,contiguous,99,proxy,122.093948,train_mse
fixed_512__contiguous,fixed_512,contiguous,100,proxy,122.064957,train_mse
fixed_512__contiguous,fixed_512,contiguous,101,proxy,122.064468,train_mse
fixed_512__contiguous,fixed_512,contiguous,102,proxy,121.993813,train_mse
fixed_512__contiguous,fixed_512,contiguous,103,proxy,122.039139,train_mse
fixed_512__contiguous,fixed_512,contiguous,104,proxy,122.000854,train_mse
fixed_512__contiguous,fixed_512,contiguous,105,proxy,121.998856,train_mse
fixed_512__contiguous,fixed_512,contiguous,106,proxy,121.986191,train_mse
fixed_512__contiguous,fixed_512,contiguous,107,proxy,121.979561,train_mse
fixed_512__contiguous,fixed_512,contiguous,108,proxy,121.943222,train_mse
fixed_512__contiguous,fixed_512,contiguous,109,proxy,121.954933,train_mse
fixed_512__contiguous,fixed_512,contiguous,110,proxy,121.951927,train_mse
fixed_512__contiguous,fixed_512,contiguous,111,proxy,121.924355,train_mse
fixed_512__contiguous,fixed_512,contiguous,112,proxy,121.920647,train_mse
fixed_512__contiguous,fixed_512,contiguous,113,proxy,121.91954,train_mse
fixed_512__contiguous,fixed_512,contiguous,114,proxy,121.904716,train_mse
fixed_512__contiguous,fixed_512,contiguous,115,proxy,121.891281,train_mse
fixed_512__contiguous,fixed_512,contiguous,116,proxy,121.895432,train_mse
fixed_512__contiguous,fixed_512,contiguous,117,proxy,121.877838,train_mse
fixed_512__contiguous,fixed_512,contiguous,118,proxy,121.8815,train_mse
fixed_512__contiguous,fixed_512,contiguous,119,proxy,121.880264,train_mse
fixed_512__contiguous,fixed_512,contiguous,120,proxy,121.870415,train_mse
fixed_512__contiguous,fixed_512,contiguous,121,proxy,121.821487,train_mse
fixed_512__contiguous,fixed_512,contiguous,122,proxy,121.823563,train_mse
fixed_512__contiguous,fixed_512,contiguous,123,proxy,121.82814,train_mse
fixed_512__contiguous,fixed_512,contiguous,124,proxy,121.796478,train_mse
fixed_512__contiguous,fixed_512,contiguous,125,proxy,121.767914,train_mse
fixed_512__contiguous,fixed_512,contiguous,126,proxy,121.754715,train_mse
fixed_512__contiguous,fixed_512,contiguous,127,proxy,121.732536,train_mse
fixed_512__contiguous,fixed_512,contiguous,128,proxy,121.728561,train_mse
fixed_512__contiguous,fixed_512,contiguous,129,proxy,121.713318,train_mse
fixed_512__contiguous,fixed_512,contiguous,130,proxy,121.678436,train_mse
fixed_512__contiguous,fixed_512,contiguous,131,proxy,121.681564,train_mse
fixed_512__contiguous,fixed_512,contiguous,132,proxy,121.677185,train_mse
fixed_512__contiguous,fixed_512,contiguous,133,proxy,121.636749,train_mse
fixed_512__contiguous,fixed_512,contiguous,134,proxy,121.604721,train_mse
fixed_512__contiguous,fixed_512,contiguous,135,proxy,121.583199,train_mse
fixed_512__contiguous,fixed_512,contiguous,136,proxy,121.599403,train_mse
fixed_512__contiguous,fixed_512,contiguous,137,proxy,121.57592,train_mse
fixed_512__contiguous,fixed_512,contiguous,138,proxy,121.577393,train_mse
fixed_512__contiguous,fixed_512,contiguous,139,proxy,121.562294,train_mse
fixed_512__contiguous,fixed_512,contiguous,140,proxy,121.56871,train_mse
fixed_512__contiguous,fixed_512,contiguous,141,proxy,121.57032,train_mse
fixed_512__contiguous,fixed_512,contiguous,142,proxy,121.556557,train_mse
fixed_512__contiguous,fixed_512,contiguous,143,proxy,121.556091,train_mse
fixed_512__contiguous,fixed_512,contiguous,144,proxy,121.540321,train_mse
fixed_512__contiguous,fixed_512,contiguous,145,proxy,121.534515,train_mse
fixed_512__contiguous,fixed_512,contiguous,146,proxy,121.523781,train_mse
fixed_512__contiguous,fixed_512,contiguous,147,proxy,121.517296,train_mse
fixed_512__contiguous,fixed_512,contiguous,148,proxy,121.49752,train_mse
fixed_512__contiguous,fixed_512,contiguous,149,proxy,121.485062,train_mse
fixed_512__contiguous,fixed_512,contiguous,150,proxy,121.504349,train_mse
fixed_512__contiguous,fixed_512,contiguous,151,proxy,121.493874,train_mse
fixed_512__contiguous,fixed_512,contiguous,152,proxy,121.492813,train_mse
fixed_512__contiguous,fixed_512,contiguous,153,proxy,121.516235,train_mse
fixed_512__contiguous,fixed_512,contiguous,154,proxy,121.533112,train_mse
fixed_512__contiguous,fixed_512,contiguous,155,proxy,121.471413,train_mse
fixed_512__contiguous,fixed_512,contiguous,156,proxy,121.449547,train_mse
fixed_512__contiguous,fixed_512,contiguous,157,proxy,121.419312,train_mse
fixed_512__contiguous,fixed_512,contiguous,158,proxy,121.429565,train_mse
fixed_512__contiguous,fixed_512,contiguous,159,proxy,121.422928,train_mse
fixed_512__contiguous,fixed_512,contiguous,160,proxy,121.433792,train_mse
fixed_512__contiguous,fixed_512,contiguous,161,proxy,121.439323,train_mse
fixed_512__contiguous,fixed_512,contiguous,162,proxy,121.424049,train_mse
fixed_512__contiguous,fixed_512,contiguous,163,proxy,121.451485,train_mse
fixed_512__contiguous,fixed_512,contiguous,164,proxy,121.437454,train_mse
fixed_512__contiguous,fixed_512,contiguous,165,proxy,121.439453,train_mse
fixed_512__contiguous,fixed_512,contiguous,166,proxy,121.431213,train_mse
fixed_512__contiguous,fixed_512,contiguous,167,proxy,121.422195,train_mse
fixed_512__contiguous,fixed_512,contiguous,168,proxy,121.410019,train_mse
fixed_512__contiguous,fixed_512,contiguous,169,proxy,121.418221,train_mse
fixed_512__contiguous,fixed_512,contiguous,170,proxy,121.419724,train_mse
fixed_512__contiguous,fixed_512,contiguous,171,proxy,121.418488,train_mse
fixed_512__contiguous,fixed_512,contiguous,172,proxy,121.393211,train_mse
fixed_512__contiguous,fixed_512,contiguous,173,proxy,121.407104,train_mse
fixed_512__contiguous,fixed_512,contiguous,174,proxy,121.415054,train_mse
fixed_512__contiguous,fixed_512,contiguous,175,proxy,121.392517,train_mse
fixed_512__contiguous,fixed_512,contiguous,176,proxy,121.377335,train_mse
fixed_512__contiguous,fixed_512,contiguous,177,proxy,121.363281,train_mse
fixed_512__contiguous,fixed_512,contiguous,178,proxy,121.375298,train_mse
fixed_512__contiguous,fixed_512,contiguous,179,proxy,121.345123,train_mse
fixed_512__contiguous,fixed_512,contiguous,180,proxy,121.320885,train_mse
fixed_512__contiguous,fixed_512,contiguous,181,proxy,121.30278,train_mse
fixed_512__contiguous,fixed_512,contiguous,182,proxy,121.299782,train_mse
fixed_512__contiguous,fixed_512,contiguous,183,proxy,121.270691,train_mse
fixed_512__contiguous,fixed_512,contiguous,184,proxy,121.229851,train_mse
fixed_512__contiguous,fixed_512,contiguous,185,proxy,121.236725,train_mse
fixed_512__contiguous,fixed_512,contiguous,186,proxy,121.202194,train_mse
fixed_512__contiguous,fixed_512,contiguous,187,proxy,121.202057,train_mse
fixed_512__contiguous,fixed_512,contiguous,188,proxy,121.210251,train_mse
fixed_512__contiguous,fixed_512,contiguous,189,proxy,121.199921,train_mse
fixed_512__contiguous,fixed_512,contiguous,190,proxy,121.198257,train_mse
fixed_512__contiguous,fixed_512,contiguous,191,proxy,121.161804,train_mse
fixed_512__contiguous,fixed_512,contiguous,192,proxy,121.161491,train_mse
fixed_512__contiguous,fixed_512,contiguous,193,proxy,121.124382,train_mse
fixed_512__contiguous,fixed_512,contiguous,194,proxy,121.092285,train_mse
fixed_512__contiguous,fixed_512,contiguous,195,proxy,121.103226,train_mse
fixed_512__contiguous,fixed_512,contiguous,196,proxy,121.11026,train_mse
fixed_512__contiguous,fixed_512,contiguous,197,proxy,121.12394,train_mse
fixed_512__contiguous,fixed_512,contiguous,198,proxy,121.106827,train_mse
fixed_512__contiguous,fixed_512,contiguous,199,proxy,121.096664,train_mse
fixed_512__contiguous,fixed_512,contiguous,200,proxy,121.090332,train_mse
fixed_512__contiguous,fixed_512,contiguous,201,proxy,121.076584,train_mse
fixed_512__contiguous,fixed_512,contiguous,202,proxy,121.06282,train_mse
fixed_512__contiguous,fixed_512,contiguous,203,proxy,121.058182,train_mse
fixed_512__contiguous,fixed_512,contiguous,204,proxy,121.066666,train_mse
fixed_512__contiguous,fixed_512,contiguous,205,proxy,121.037155,train_mse
fixed_512__contiguous,fixed_512,contiguous,206,proxy,121.038834,train_mse
fixed_512__contiguous,fixed_512,contiguous,207,proxy,121.042343,train_mse
fixed_512__contiguous,fixed_512,contiguous,208,proxy,121.061234,train_mse
fixed_512__contiguous,fixed_512,contiguous,209,proxy,121.053375,train_mse
fixed_512__contiguous,fixed_512,contiguous,210,proxy,121.040375,train_mse
fixed_512__contiguous,fixed_512,contiguous,211,proxy,121.047142,train_mse
fixed_512__contiguous,fixed_512,contiguous,212,proxy,121.069138,train_mse
fixed_512__contiguous,fixed_512,contiguous,213,proxy,121.076706,train_mse
fixed_512__contiguous,fixed_512,contiguous,214,proxy,121.078964,train_mse
fixed_512__contiguous,fixed_512,contiguous,215,proxy,121.069748,train_mse
fixed_512__contiguous,fixed_512,contiguous,216,proxy,121.051018,train_mse
fixed_512__contiguous,fixed_512,contiguous,217,proxy,121.047791,train_mse
fixed_512__contiguous,fixed_512,contiguous,218,proxy,121.072327,train_mse
fixed_512__contiguous,fixed_512,contiguous,219,proxy,121.018661,train_mse
fixed_512__contiguous,fixed_512,contiguous,220,proxy,121.024391,train_mse
fixed_512__contiguous,fixed_512,contiguous,221,proxy,121.011726,train_mse
fixed_512__contiguous,fixed_512,contiguous,222,proxy,121.018188,train_mse
fixed_512__contiguous,fixed_512,contiguous,223,proxy,120.998779,train_mse
fixed_512__contiguous,fixed_512,contiguous,224,proxy,121.004402,train_mse
fixed_512__contiguous,fixed_512,contiguous,225,proxy,121.033722,train_mse
fixed_512__contiguous,fixed_512,contiguous,226,proxy,121.041946,train_mse
fixed_512__contiguous,fixed_512,contiguous,227,proxy,121.009644,train_mse
fixed_512__contiguous,fixed_512,contiguous,228,proxy,120.970657,train_mse
fixed_512__contiguous,fixed_512,contiguous,229,proxy,120.984131,train_mse
fixed_512__contiguous,fixed_512,contiguous,230,proxy,120.943176,train_mse
fixed_512__contiguous,fixed_512,contiguous,231,proxy,120.902634,train_mse
fixed_512__contiguous,fixed_512,contiguous,232,proxy,120.848312,train_mse
fixed_512__contiguous,fixed_512,contiguous,233,proxy,120.819656,train_mse
fixed_512__contiguous,fixed_512,contiguous,234,proxy,120.785583,train_mse
fixed_512__contiguous,fixed_512,contiguous,235,proxy,120.772606,train_mse
fixed_512__contiguous,fixed_512,contiguous,236,proxy,120.747177,train_mse
fixed_512__contiguous,fixed_512,contiguous,237,proxy,120.735733,train_mse
fixed_512__contiguous,fixed_512,contiguous,238,proxy,120.690506,train_mse
fixed_512__contiguous,fixed_512,contiguous,239,proxy,120.695328,train_mse
fixed_512__contiguous,fixed_512,contiguous,240,proxy,120.70314,train_mse
fixed_512__contiguous,fixed_512,contiguous,241,proxy,120.679649,train_mse
fixed_512__contiguous,fixed_512,contiguous,242,proxy,120.640327,train_mse
fixed_512__contiguous,fixed_512,contiguous,243,proxy,120.638985,train_mse
fixed_512__contiguous,fixed_512,contiguous,244,proxy,120.62294,train_mse
fixed_512__contiguous,fixed_512,contiguous,245,proxy,120.610138,train_mse
fixed_512__contiguous,fixed_512,contiguous,246,proxy,120.605331,train_mse
fixed_512__contiguous,fixed_512,contiguous,247,proxy,120.593185,train_mse
fixed_512__contiguous,fixed_512,contiguous,248,proxy,120.579742,train_mse
fixed_512__contiguous,fixed_512,contiguous,249,proxy,120.565094,train_mse
fixed_512__contiguous,fixed_512,contiguous,250,proxy,120.574501,train_mse
fixed_512__contiguous,fixed_512,contiguous,251,proxy,120.566429,train_mse
fixed_512__contiguous,fixed_512,contiguous,252,proxy,120.549408,train_mse
fixed_512__contiguous,fixed_512,contiguous,253,proxy,120.558624,train_mse
fixed_512__contiguous,fixed_512,contiguous,254,proxy,120.576263,train_mse
fixed_512__contiguous,fixed_512,contiguous,255,proxy,120.570847,train_mse
fixed_512__contiguous,fixed_512,contiguous,256,proxy,120.55864,train_mse
fixed_512__contiguous,fixed_512,contiguous,257,proxy,120.557785,train_mse
fixed_512__contiguous,fixed_512,contiguous,258,proxy,120.554794,train_mse
fixed_512__contiguous,fixed_512,contiguous,259,proxy,120.555664,train_mse
fixed_512__contiguous,fixed_512,contiguous,260,proxy,120.523506,train_mse
fixed_512__contiguous,fixed_512,contiguous,261,proxy,120.5103,train_mse
fixed_512__contiguous,fixed_512,contiguous,262,proxy,120.493294,train_mse
fixed_512__contiguous,fixed_512,contiguous,263,proxy,120.483612,train_mse
fixed_512__contiguous,fixed_512,contiguous,264,proxy,120.46917,train_mse
fixed_512__contiguous,fixed_512,contiguous,265,proxy,120.495026,train_mse
fixed_512__contiguous,fixed_512,contiguous,266,proxy,120.464752,train_mse
fixed_512__contiguous,fixed_512,contiguous,267,proxy,120.480591,train_mse
fixed_512__contiguous,fixed_512,contiguous,268,proxy,120.482162,train_mse
fixed_512__contiguous,fixed_512,contiguous,269,proxy,120.463364,train_mse
fixed_512__contiguous,fixed_512,contiguous,270,proxy,120.427292,train_mse
fixed_512__contiguous,fixed_512,contiguous,271,proxy,120.435989,train_mse
fixed_512__contiguous,fixed_512,contiguous,272,proxy,120.396332,train_mse
fixed_512__contiguous,fixed_512,contiguous,273,proxy,120.380089,train_mse
fixed_512__contiguous,fixed_512,contiguous,274,proxy,120.3433,train_mse
fixed_512__contiguous,fixed_512,contiguous,275,proxy,120.359848,train_mse
fixed_512__contiguous,fixed_512,contiguous,276,proxy,120.355438,train_mse
fixed_512__contiguous,fixed_512,contiguous,277,proxy,120.342117,train_mse
fixed_512__contiguous,fixed_512,contiguous,278,proxy,120.329483,train_mse
fixed_512__contiguous,fixed_512,contiguous,279,proxy,120.329224,train_mse
fixed_512__contiguous,fixed_512,contiguous,280,proxy,120.316872,train_mse
fixed_512__contiguous,fixed_512,contiguous,281,proxy,120.292419,train_mse
fixed_512__contiguous,fixed_512,contiguous,282,proxy,120.26915,train_mse
fixed_512__contiguous,fixed_512,contiguous,283,proxy,120.268242,train_mse
fixed_512__contiguous,fixed_512,contiguous,284,proxy,120.263779,train_mse
fixed_512__contiguous,fixed_512,contiguous,285,proxy,120.251785,train_mse
fixed_512__contiguous,fixed_512,contiguous,286,proxy,120.232712,train_mse
fixed_512__contiguous,fixed_512,contiguous,287,proxy,120.209015,train_mse
fixed_512__contiguous,fixed_512,contiguous,288,proxy,120.19194,train_mse
fixed_512__contiguous,fixed_512,contiguous,289,proxy,120.199905,train_mse
fixed_512__contiguous,fixed_512,contiguous,290,proxy,120.200005,train_mse
fixed_512__contiguous,fixed_512,contiguous,291,proxy,120.184113,train_mse
fixed_512__contiguous,fixed_512,contiguous,292,proxy,120.168365,train_mse
fixed_512__contiguous,fixed_512,contiguous,293,proxy,120.159462,train_mse
fixed_512__contiguous,fixed_512,contiguous,294,proxy,120.135559,train_mse
fixed_512__contiguous,fixed_512,contiguous,295,proxy,120.1353,train_mse
fixed_512__contiguous,fixed_512,contiguous,296,proxy,120.136559,train_mse
fixed_512__contiguous,fixed_512,contiguous,297,proxy,120.135452,train_mse
fixed_512__contiguous,fixed_512,contiguous,298,proxy,120.134232,train_mse
fixed_512__contiguous,fixed_512,contiguous,299,proxy,120.106003,train_mse
fixed_512__contiguous,fixed_512,contiguous,300,proxy,120.081375,train_mse
fixed_512__contiguous,fixed_512,contiguous,301,proxy,120.0522,train_mse
fixed_512__contiguous,fixed_512,contiguous,302,proxy,120.053436,train_mse
fixed_512__contiguous,fixed_512,contiguous,303,proxy,120.059898,train_mse
fixed_512__contiguous,fixed_512,contiguous,304,proxy,120.067345,train_mse
fixed_512__contiguous,fixed_512,contiguous,305,proxy,120.052673,train_mse
fixed_512__contiguous,fixed_512,contiguous,306,proxy,120.014099,train_mse
fixed_512__contiguous,fixed_512,contiguous,307,proxy,120.03904,train_mse
fixed_512__contiguous,fixed_512,contiguous,308,proxy,120.040375,train_mse
fixed_512__contiguous,fixed_512,contiguous,309,proxy,120.040298,train_mse
fixed_512__contiguous,fixed_512,contiguous,310,proxy,120.051147,train_mse
fixed_512__contiguous,fixed_512,contiguous,311,proxy,120.052063,train_mse
fixed_512__contiguous,fixed_512,contiguous,312,proxy,120.050964,train_mse
fixed_512__contiguous,fixed_512,contiguous,313,proxy,120.042633,train_mse
fixed_512__contiguous,fixed_512,contiguous,314,proxy,120.048172,train_mse
fixed_512__contiguous,fixed_512,contiguous,315,proxy,120.048157,train_mse
fixed_512__contiguous,fixed_512,contiguous,316,proxy,120.043777,train_mse
fixed_512__contiguous,fixed_512,contiguous,317,proxy,120.046295,train_mse
fixed_512__contiguous,fixed_512,contiguous,318,proxy,120.046646,train_mse
fixed_512__contiguous,fixed_512,contiguous,319,proxy,120.018967,train_mse
fixed_512__contiguous,fixed_512,contiguous,320,proxy,120.014114,train_mse
fixed_512__contiguous,fixed_512,contiguous,321,proxy,120.016541,train_mse
fixed_512__contiguous,fixed_512,contiguous,322,proxy,120.0177,train_mse
fixed_512__contiguous,fixed_512,contiguous,323,proxy,120.006088,train_mse
fixed_512__contiguous,fixed_512,contiguous,324,proxy,120.014923,train_mse
fixed_512__contiguous,fixed_512,contiguous,325,proxy,120.031891,train_mse
fixed_512__contiguous,fixed_512,contiguous,326,proxy,120.026451,train_mse
fixed_512__contiguous,fixed_512,contiguous,327,proxy,120.025078,train_mse
fixed_512__contiguous,fixed_512,contiguous,328,proxy,120.018707,train_mse
fixed_512__contiguous,fixed_512,contiguous,329,proxy,120.002609,train_mse
fixed_512__contiguous,fixed_512,contiguous,330,proxy,120.003799,train_mse
fixed_512__contiguous,fixed_512,contiguous,331,proxy,120.016205,train_mse
fixed_512__contiguous,fixed_512,contiguous,332,proxy,119.997681,train_mse
fixed_512__contiguous,fixed_512,contiguous,333,proxy,120.003975,train_mse
fixed_512__contiguous,fixed_512,contiguous,334,proxy,120.031075,train_mse
fixed_512__contiguous,fixed_512,contiguous,335,proxy,120.035896,train_mse
fixed_512__contiguous,fixed_512,contiguous,336,proxy,120.015457,train_mse
fixed_512__contiguous,fixed_512,contiguous,337,proxy,120.030884,train_mse
fixed_512__contiguous,fixed_512,contiguous,338,proxy,120.043182,train_mse
fixed_512__contiguous,fixed_512,contiguous,339,proxy,120.035385,train_mse
fixed_512__contiguous,fixed_512,contiguous,340,proxy,120.059738,train_mse
fixed_512__contiguous,fixed_512,contiguous,341,proxy,120.048271,train_mse
fixed_512__contiguous,fixed_512,contiguous,342,proxy,120.03672,train_mse
fixed_512__contiguous,fixed_512,contiguous,343,proxy,120.043472,train_mse
fixed_512__contiguous,fixed_512,contiguous,344,proxy,120.052277,train_mse
fixed_512__contiguous,fixed_512,contiguous,345,proxy,120.048859,train_mse
fixed_512__contiguous,fixed_512,contiguous,346,proxy,120.049187,train_mse
fixed_512__contiguous,fixed_512,contiguous,347,proxy,120.044998,train_mse
fixed_512__contiguous,fixed_512,contiguous,348,proxy,120.055809,train_mse
fixed_512__contiguous,fixed_512,contiguous,349,proxy,120.046738,train_mse
fixed_512__contiguous,fixed_512,contiguous,350,proxy,120.031364,train_mse
fixed_512__contiguous,fixed_512,contiguous,351,proxy,120.033508,train_mse
fixed_512__contiguous,fixed_512,contiguous,352,proxy,120.040474,train_mse
fixed_512__contiguous,fixed_512,contiguous,353,proxy,120.035645,train_mse
fixed_512__contiguous,fixed_512,contiguous,354,proxy,120.013069,train_mse
fixed_512__contiguous,fixed_512,contiguous,355,proxy,120.033569,train_mse
fixed_512__contiguous,fixed_512,contiguous,356,proxy,120.000519,train_mse
fixed_512__contiguous,fixed_512,contiguous,357,proxy,120.027817,train_mse
fixed_512__contiguous,fixed_512,contiguous,358,proxy,120.023285,train_mse
fixed_512__contiguous,fixed_512,contiguous,359,proxy,120.031204,train_mse
fixed_512__contiguous,fixed_512,contiguous,360,proxy,120.028641,train_mse
fixed_512__contiguous,fixed_512,contiguous,361,proxy,120.021751,train_mse
fixed_512__contiguous,fixed_512,contiguous,362,proxy,120.026695,train_mse
fixed_512__contiguous,fixed_512,contiguous,363,proxy,120.011765,train_mse
fixed_512__contiguous,fixed_512,contiguous,364,proxy,120.036774,train_mse
fixed_512__contiguous,fixed_512,contiguous,365,proxy,120.021492,train_mse
fixed_512__contiguous,fixed_512,contiguous,366,proxy,119.99971,train_mse
fixed_512__contiguous,fixed_512,contiguous,367,proxy,119.990875,train_mse
fixed_512__contiguous,fixed_512,contiguous,368,proxy,119.999115,train_mse
fixed_512__contiguous,fixed_512,contiguous,369,proxy,120.00972,train_mse
fixed_512__contiguous,fixed_512,contiguous,370,proxy,120.007294,train_mse
fixed_512__contiguous,fixed_512,contiguous,371,proxy,120.004242,train_mse
fixed_512__contiguous,fixed_512,contiguous,372,proxy,119.99102,train_mse
fixed_512__contiguous,fixed_512,contiguous,373,proxy,119.982986,train_mse
fixed_512__contiguous,fixed_512,contiguous,374,proxy,119.983231,train_mse
fixed_512__contiguous,fixed_512,contiguous,375,proxy,119.982391,train_mse
fixed_512__contiguous,fixed_512,contiguous,376,proxy,119.982712,train_mse
fixed_512__contiguous,fixed_512,contiguous,377,proxy,119.979401,train_mse
fixed_512__contiguous,fixed_512,contiguous,378,proxy,119.964096,train_mse
fixed_512__contiguous,fixed_512,contiguous,379,proxy,119.978241,train_mse
fixed_512__contiguous,fixed_512,contiguous,380,proxy,119.938171,train_mse
fixed_512__contiguous,fixed_512,contiguous,381,proxy,119.965942,train_mse
fixed_512__contiguous,fixed_512,contiguous,382,proxy,119.928131,train_mse
fixed_512__contiguous,fixed_512,contiguous,383,proxy,119.949905,train_mse
fixed_512__contiguous,fixed_512,contiguous,384,proxy,119.930161,train_mse
fixed_512__contiguous,fixed_512,contiguous,385,proxy,119.955093,train_mse
fixed_512__contiguous,fixed_512,contiguous,386,proxy,119.94606,train_mse
fixed_512__contiguous,fixed_512,contiguous,387,proxy,119.95163,train_mse
fixed_512__contiguous,fixed_512,contiguous,388,proxy,119.94838,train_mse
fixed_512__contiguous,fixed_512,contiguous,389,proxy,119.955933,train_mse
fixed_512__contiguous,fixed_512,contiguous,390,proxy,119.973022,train_mse
fixed_512__contiguous,fixed_512,contiguous,391,proxy,119.984695,train_mse
fixed_512__contiguous,fixed_512,contiguous,392,proxy,119.967812,train_mse
fixed_512__contiguous,fixed_512,contiguous,393,proxy,119.957199,train_mse
fixed_512__contiguous,fixed_512,contiguous,394,proxy,119.93367,train_mse
fixed_512__contiguous,fixed_512,contiguous,395,proxy,119.94442,train_mse
fixed_512__contiguous,fixed_512,contiguous,396,proxy,119.932037,train_mse
fixed_512__contiguous,fixed_512,contiguous,397,proxy,119.972717,train_mse
fixed_512__contiguous,fixed_512,contiguous,398,proxy,119.970726,train_mse
fixed_512__contiguous,fixed_512,contiguous,399,proxy,119.979736,train_mse
fixed_512__contiguous,fixed_512,contiguous,400,proxy,119.961349,train_mse
fixed_512__contiguous,fixed_512,contiguous,401,proxy,119.9814,train_mse
fixed_512__contiguous,fixed_512,contiguous,402,proxy,119.966324,train_mse
fixed_512__contiguous,fixed_512,contiguous,403,proxy,119.969994,train_mse
fixed_512__contiguous,fixed_512,contiguous,404,proxy,119.963661,train_mse
fixed_512__contiguous,fixed_512,contiguous,405,proxy,119.962967,train_mse
fixed_512__contiguous,fixed_512,contiguous,406,proxy,119.946014,train_mse
fixed_512__contiguous,fixed_512,contiguous,407,proxy,119.949326,train_mse
fixed_512__contiguous,fixed_512,contiguous,408,proxy,119.965561,train_mse
fixed_512__contiguous,fixed_512,contiguous,409,proxy,119.952179,train_mse
fixed_512__contiguous,fixed_512,contiguous,410,proxy,119.925446,train_mse
fixed_512__contiguous,fixed_512,contiguous,411,proxy,119.952698,train_mse
fixed_512__contiguous,fixed_512,contiguous,412,proxy,119.943748,train_mse
fixed_512__contiguous,fixed_512,contiguous,413,proxy,119.914436,train_mse
fixed_512__contiguous,fixed_512,contiguous,414,proxy,119.916794,train_mse
fixed_512__contiguous,fixed_512,contiguous,415,proxy,119.926315,train_mse
fixed_512__contiguous,fixed_512,contiguous,416,proxy,119.925827,train_mse
fixed_512__contiguous,fixed_512,contiguous,417,proxy,119.916534,train_mse
fixed_512__contiguous,fixed_512,contiguous,418,proxy,119.897392,train_mse
fixed_512__contiguous,fixed_512,contiguous,419,proxy,119.915726,train_mse
fixed_512__contiguous,fixed_512,contiguous,420,proxy,119.912766,train_mse
fixed_512__contiguous,fixed_512,contiguous,421,proxy,119.928635,train_mse
fixed_512__contiguous,fixed_512,contiguous,422,proxy,119.938202,train_mse
fixed_512__contiguous,fixed_512,contiguous,423,proxy,119.942307,train_mse
fixed_512__contiguous,fixed_512,contiguous,424,proxy,119.980949,train_mse
fixed_512__contiguous,fixed_512,contiguous,425,proxy,119.998245,train_mse
fixed_512__contiguous,fixed_512,contiguous,426,proxy,119.982178,train_mse
fixed_512__contiguous,fixed_512,contiguous,427,proxy,119.95929,train_mse
fixed_512__contiguous,fixed_512,contiguous,428,proxy,119.941422,train_mse
fixed_512__contiguous,fixed_512,contiguous,429,proxy,119.925598,train_mse
fixed_512__contiguous,fixed_512,contiguous,430,proxy,119.94899,train_mse
fixed_512__contiguous,fixed_512,contiguous,431,proxy,119.95092,train_mse
fixed_512__contiguous,fixed_512,contiguous,432,proxy,119.998367,train_mse
fixed_512__contiguous,fixed_512,contiguous,433,proxy,119.998581,train_mse
fixed_512__contiguous,fixed_512,contiguous,434,proxy,119.990105,train_mse
fixed_512__contiguous,fixed_512,contiguous,435,proxy,120.013512,train_mse
fixed_512__contiguous,fixed_512,contiguous,436,proxy,119.987991,train_mse
fixed_512__contiguous,fixed_512,contiguous,437,proxy,119.955948,train_mse
fixed_512__contiguous,fixed_512,contiguous,438,proxy,119.941628,train_mse
fixed_512__contiguous,fixed_512,contiguous,439,proxy,119.938324,train_mse
fixed_512__contiguous,fixed_512,contiguous,440,proxy,119.950394,train_mse
fixed_512__contiguous,fixed_512,contiguous,441,proxy,119.980026,train_mse
fixed_512__contiguous,fixed_512,contiguous,442,proxy,119.949249,train_mse
fixed_512__contiguous,fixed_512,contiguous,443,proxy,119.963257,train_mse
fixed_512__contiguous,fixed_512,contiguous,444,proxy,119.956894,train_mse
fixed_512__contiguous,fixed_512,contiguous,445,proxy,119.956383,train_mse
fixed_512__contiguous,fixed_512,contiguous,446,proxy,119.9207,train_mse
fixed_512__contiguous,fixed_512,contiguous,447,proxy,119.959717,train_mse
fixed_512__contiguous,fixed_512,contiguous,448,proxy,119.935806,train_mse
fixed_512__contiguous,fixed_512,contiguous,449,proxy,119.958374,train_mse
fixed_512__contiguous,fixed_512,contiguous,450,proxy,119.953758,train_mse
fixed_512__contiguous,fixed_512,contiguous,451,proxy,119.953766,train_mse
fixed_512__contiguous,fixed_512,contiguous,452,proxy,119.96756,train_mse
fixed_512__contiguous,fixed_512,contiguous,453,proxy,119.944054,train_mse
fixed_512__contiguous,fixed_512,contiguous,454,proxy,119.964134,train_mse
fixed_512__contiguous,fixed_512,contiguous,455,proxy,119.977966,train_mse
fixed_512__contiguous,fixed_512,contiguous,456,proxy,119.988571,train_mse
fixed_512__contiguous,fixed_512,contiguous,457,proxy,120.003403,train_mse
fixed_512__contiguous,fixed_512,contiguous,458,proxy,119.974899,train_mse
fixed_512__contiguous,fixed_512,contiguous,459,proxy,119.981827,train_mse
fixed_512__contiguous,fixed_512,contiguous,460,proxy,120.01152,train_mse
fixed_512__contiguous,fixed_512,contiguous,461,proxy,119.990379,train_mse
fixed_512__contiguous,fixed_512,contiguous,462,proxy,119.965134,train_mse
fixed_512__contiguous,fixed_512,contiguous,463,proxy,119.977348,train_mse
fixed_512__contiguous,fixed_512,contiguous,464,proxy,119.964233,train_mse
fixed_512__contiguous,fixed_512,contiguous,465,proxy,119.969193,train_mse
fixed_512__contiguous,fixed_512,contiguous,466,proxy,119.96962,train_mse
fixed_512__contiguous,fixed_512,contiguous,467,proxy,119.965652,train_mse
fixed_512__contiguous,fixed_512,contiguous,468,proxy,119.975204,train_mse
fixed_512__contiguous,fixed_512,contiguous,469,proxy,119.961998,train_mse
fixed_512__contiguous,fixed_512,contiguous,470,proxy,119.965652,train_mse
fixed_512__contiguous,fixed_512,contiguous,471,proxy,119.942574,train_mse
fixed_512__contiguous,fixed_512,contiguous,472,proxy,119.957382,train_mse
fixed_512__contiguous,fixed_512,contiguous,473,proxy,119.981735,train_mse
fixed_512__contiguous,fixed_512,contiguous,474,proxy,120.007217,train_mse
fixed_512__contiguous,fixed_512,contiguous,475,proxy,120.005417,train_mse
fixed_512__contiguous,fixed_512,contiguous,476,proxy,119.98484,train_mse
fixed_512__contiguous,fixed_512,contiguous,477,proxy,119.985565,train_mse
fixed_512__contiguous,fixed_512,contiguous,478,proxy,119.999626,train_mse
fixed_512__contiguous,fixed_512,contiguous,479,proxy,119.983101,train_mse
fixed_512__contiguous,fixed_512,contiguous,480,proxy,120.009178,train_mse
fixed_512__contiguous,fixed_512,contiguous,481,proxy,119.98938,train_mse
fixed_512__contiguous,fixed_512,contiguous,482,proxy,119.986504,train_mse
fixed_512__contiguous,fixed_512,contiguous,483,proxy,119.982132,train_mse
fixed_512__contiguous,fixed_512,contiguous,484,proxy,119.987358,train_mse
fixed_512__contiguous,fixed_512,contiguous,485,proxy,120.017838,train_mse
fixed_512__contiguous,fixed_512,contiguous,486,proxy,120.009766,train_mse
fixed_512__contiguous,fixed_512,contiguous,487,proxy,119.977112,train_mse
fixed_512__contiguous,fixed_512,contiguous,488,proxy,119.981079,train_mse
fixed_512__contiguous,fixed_512,contiguous,489,proxy,120.009811,train_mse
fixed_512__contiguous,fixed_512,contiguous,490,proxy,120.00029,train_mse
fixed_512__contiguous,fixed_512,contiguous,491,proxy,119.991516,train_mse
fixed_512__contiguous,fixed_512,contiguous,492,proxy,120.014938,train_mse
fixed_512__contiguous,fixed_512,contiguous,493,proxy,119.996994,train_mse
fixed_512__contiguous,fixed_512,contiguous,494,proxy,120.015121,train_mse
fixed_512__contiguous,fixed_512,contiguous,495,proxy,120.00309,train_mse
fixed_512__contiguous,fixed_512,contiguous,496,proxy,119.986115,train_mse
fixed_512__contiguous,fixed_512,contiguous,497,proxy,120.002319,train_mse
fixed_512__contiguous,fixed_512,contiguous,498,proxy,119.987061,train_mse
fixed_512__contiguous,fixed_512,contiguous,499,proxy,119.991669,train_mse
fixed_512__contiguous,fixed_512,contiguous,500,proxy,119.984764,train_mse
fixed_512__contiguous,fixed_512,contiguous,501,proxy,119.971191,train_mse
fixed_512__contiguous,fixed_512,contiguous,502,proxy,119.97052,train_mse
fixed_512__contiguous,fixed_512,contiguous,503,proxy,119.965462,train_mse
fixed_512__contiguous,fixed_512,contiguous,504,proxy,119.983704,train_mse
fixed_512__contiguous,fixed_512,contiguous,505,proxy,119.964417,train_mse
fixed_512__contiguous,fixed_512,contiguous,506,proxy,119.989471,train_mse
fixed_512__contiguous,fixed_512,contiguous,507,proxy,119.986259,train_mse
fixed_512__contiguous,fixed_512,contiguous,508,proxy,120.000656,train_mse
fixed_512__contiguous,fixed_512,contiguous,509,proxy,119.997772,train_mse
fixed_512__contiguous,fixed_512,contiguous,510,proxy,119.999664,train_mse
fixed_512__contiguous,fixed_512,contiguous,511,proxy,119.986206,train_mse
fixed_512__contiguous,fixed_512,contiguous,512,proxy,120.00872,train_mse
fixed_512__contiguous,fixed_512,contiguous,513,exact,72.117142,train_mse
fixed_512__learned,fixed_512,learned,1,proxy,133.588272,train_mse
fixed_512__learned,fixed_512,learned,2,proxy,126.381966,train_mse
fixed_512__learned,fixed_512,learned,3,proxy,123.569504,train_mse
fixed_512__learned,fixed_512,learned,4,proxy,122.157578,train_mse
fixed_512__learned,fixed_512,learned,5,proxy,121.291481,train_mse
fixed_512__learned,fixed_512,learned,6,proxy,120.801422,train_mse
fixed_512__learned,fixed_512,learned,7,proxy,120.512581,train_mse
fixed_512__learned,fixed_512,learned,8,proxy,120.270569,train_mse
fixed_512__learned,fixed_512,learned,9,proxy,120.038956,train_mse
fixed_512__learned,fixed_512,learned,10,proxy,119.836472,train_mse
fixed_512__learned,fixed_512,learned,11,proxy,119.761185,train_mse
fixed_512__learned,fixed_512,learned,12,proxy,119.618317,train_mse
fixed_512__learned,fixed_512,learned,13,proxy,119.518814,train_mse
fixed_512__learned,fixed_512,learned,14,proxy,119.450966,train_mse
fixed_512__learned,fixed_512,learned,15,proxy,119.385796,train_mse
fixed_512__learned,fixed_512,learned,16,proxy,119.286255,train_mse
fixed_512__learned,fixed_512,learned,17,proxy,119.227547,train_mse
fixed_512__learned,fixed_512,learned,18,proxy,119.178925,train_mse
fixed_512__learned,fixed_512,learned,19,proxy,119.155968,train_mse
fixed_512__learned,fixed_512,learned,20,proxy,119.133987,train_mse
fixed_512__learned,fixed_512,learned,21,proxy,119.093979,train_mse
fixed_512__learned,fixed_512,learned,22,proxy,119.061455,train_mse
fixed_512__learned,fixed_512,learned,23,proxy,119.063728,train_mse
fixed_512__learned,fixed_512,learned,24,proxy,119.053635,train_mse
fixed_512__learned,fixed_512,learned,25,proxy,119.025864,train_mse
fixed_512__learned,fixed_512,learned,26,proxy,119.025421,train_mse
fixed_512__learned,fixed_512,learned,27,proxy,118.992813,train_mse
fixed_512__learned,fixed_512,learned,28,proxy,118.986847,train_mse
fixed_512__learned,fixed_512,learned,29,proxy,118.978424,train_mse
fixed_512__learned,fixed_512,learned,30,proxy,118.935333,train_mse
fixed_512__learned,fixed_512,learned,31,proxy,118.930992,train_mse
fixed_512__learned,fixed_512,learned,32,proxy,118.894798,train_mse
fixed_512__learned,fixed_512,learned,33,proxy,118.888321,train_mse
fixed_512__learned,fixed_512,learned,34,proxy,118.90789,train_mse
fixed_512__learned,fixed_512,learned,35,proxy,118.887581,train_mse
fixed_512__learned,fixed_512,learned,36,proxy,118.90686,train_mse
fixed_512__learned,fixed_512,learned,37,proxy,118.913849,train_mse
fixed_512__learned,fixed_512,learned,38,proxy,118.921677,train_mse
fixed_512__learned,fixed_512,learned,39,proxy,118.888489,train_mse
fixed_512__learned,fixed_512,learned,40,proxy,118.907822,train_mse
fixed_512__learned,fixed_512,learned,41,proxy,118.890816,train_mse
fixed_512__learned,fixed_512,learned,42,proxy,118.918991,train_mse
fixed_512__learned,fixed_512,learned,43,proxy,118.889343,train_mse
fixed_512__learned,fixed_512,learned,44,proxy,118.901749,train_mse
fixed_512__learned,fixed_512,learned,45,proxy,118.902718,train_mse
fixed_512__learned,fixed_512,learned,46,proxy,118.873894,train_mse
fixed_512__learned,fixed_512,learned,47,proxy,118.888962,train_mse
fixed_512__learned,fixed_512,learned,48,proxy,118.88945,train_mse
fixed_512__learned,fixed_512,learned,49,proxy,118.891579,train_mse
fixed_512__learned,fixed_512,learned,50,proxy,118.915909,train_mse
fixed_512__learned,fixed_512,learned,51,proxy,118.893784,train_mse
fixed_512__learned,fixed_512,learned,52,proxy,118.874931,train_mse
fixed_512__learned,fixed_512,learned,53,proxy,118.900002,train_mse
fixed_512__learned,fixed_512,learned,54,proxy,118.855988,train_mse
fixed_512__learned,fixed_512,learned,55,proxy,118.862946,train_mse
fixed_512__learned,fixed_512,learned,56,proxy,118.836052,train_mse
fixed_512__learned,fixed_512,learned,57,proxy,118.847801,train_mse
fixed_512__learned,fixed_512,learned,58,proxy,118.819351,train_mse
fixed_512__learned,fixed_512,learned,59,proxy,118.783981,train_mse
fixed_512__learned,fixed_512,learned,60,proxy,118.805779,train_mse
fixed_512__learned,fixed_512,learned,61,proxy,118.800034,train_mse
fixed_512__learned,fixed_512,learned,62,proxy,118.800423,train_mse
fixed_512__learned,fixed_512,learned,63,proxy,118.800064,train_mse
fixed_512__learned,fixed_512,learned,64,proxy,118.79451,train_mse
fixed_512__learned,fixed_512,learned,65,proxy,118.785263,train_mse
fixed_512__learned,fixed_512,learned,66,proxy,118.764076,train_mse
fixed_512__learned,fixed_512,learned,67,proxy,118.789879,train_mse
fixed_512__learned,fixed_512,learned,68,proxy,118.734077,train_mse
fixed_512__learned,fixed_512,learned,69,proxy,118.778625,train_mse
fixed_512__learned,fixed_512,learned,70,proxy,118.767525,train_mse
fixed_512__learned,fixed_512,learned,71,proxy,118.742714,train_mse
fixed_512__learned,fixed_512,learned,72,proxy,118.725006,train_mse
fixed_512__learned,fixed_512,learned,73,proxy,118.750504,train_mse
fixed_512__learned,fixed_512,learned,74,proxy,118.731499,train_mse
fixed_512__learned,fixed_512,learned,75,proxy,118.711853,train_mse
fixed_512__learned,fixed_512,learned,76,proxy,118.748932,train_mse
fixed_512__learned,fixed_512,learned,77,proxy,118.719513,train_mse
fixed_512__learned,fixed_512,learned,78,proxy,118.71492,train_mse
fixed_512__learned,fixed_512,learned,79,proxy,118.680801,train_mse
fixed_512__learned,fixed_512,learned,80,proxy,118.705383,train_mse
fixed_512__learned,fixed_512,learned,81,proxy,118.702103,train_mse
fixed_512__learned,fixed_512,learned,82,proxy,118.687958,train_mse
fixed_512__learned,fixed_512,learned,83,proxy,118.70787,train_mse
fixed_512__learned,fixed_512,learned,84,proxy,118.700127,train_mse
fixed_512__learned,fixed_512,learned,85,proxy,118.708344,train_mse
fixed_512__learned,fixed_512,learned,86,proxy,118.666496,train_mse
fixed_512__learned,fixed_512,learned,87,proxy,118.672989,train_mse
fixed_512__learned,fixed_512,learned,88,proxy,118.63694,train_mse
fixed_512__learned,fixed_512,learned,89,proxy,118.677834,train_mse
fixed_512__learned,fixed_512,learned,90,proxy,118.687523,train_mse
fixed_512__learned,fixed_512,learned,91,proxy,118.662643,train_mse
fixed_512__learned,fixed_512,learned,92,proxy,118.660522,train_mse
fixed_512__learned,fixed_512,learned,93,proxy,118.671539,train_mse
fixed_512__learned,fixed_512,learned,94,proxy,118.656204,train_mse
fixed_512__learned,fixed_512,learned,95,proxy,118.614304,train_mse
fixed_512__learned,fixed_512,learned,96,proxy,118.607315,train_mse
fixed_512__learned,fixed_512,learned,97,proxy,118.610977,train_mse
fixed_512__learned,fixed_512,learned,98,proxy,118.604034,train_mse
fixed_512__learned,fixed_512,learned,99,proxy,118.588097,train_mse
fixed_512__learned,fixed_512,learned,100,proxy,118.610229,train_mse
fixed_512__learned,fixed_512,learned,101,proxy,118.589417,train_mse
fixed_512__learned,fixed_512,learned,102,proxy,118.58255,train_mse
fixed_512__learned,fixed_512,learned,103,proxy,118.592087,train_mse
fixed_512__learned,fixed_512,learned,104,proxy,118.58744,train_mse
fixed_512__learned,fixed_512,learned,105,proxy,118.571365,train_mse
fixed_512__learned,fixed_512,learned,106,proxy,118.58046,train_mse
fixed_512__learned,fixed_512,learned,107,proxy,118.579857,train_mse
fixed_512__learned,fixed_512,learned,108,proxy,118.580757,train_mse
fixed_512__learned,fixed_512,learned,109,proxy,118.59227,train_mse
fixed_512__learned,fixed_512,learned,110,proxy,118.565445,train_mse
fixed_512__learned,fixed_512,learned,111,proxy,118.578796,train_mse
fixed_512__learned,fixed_512,learned,112,proxy,118.590691,train_mse
fixed_512__learned,fixed_512,learned,113,proxy,118.570747,train_mse
fixed_512__learned,fixed_512,learned,114,proxy,118.570503,train_mse
fixed_512__learned,fixed_512,learned,115,proxy,118.590302,train_mse
fixed_512__learned,fixed_512,learned,116,proxy,118.551819,train_mse
fixed_512__learned,fixed_512,learned,117,proxy,118.563774,train_mse
fixed_512__learned,fixed_512,learned,118,proxy,118.551834,train_mse
fixed_512__learned,fixed_512,learned,119,proxy,118.55867,train_mse
fixed_512__learned,fixed_512,learned,120,proxy,118.555046,train_mse
fixed_512__learned,fixed_512,learned,121,proxy,118.573685,train_mse
fixed_512__learned,fixed_512,learned,122,proxy,118.563576,train_mse
fixed_512__learned,fixed_512,learned,123,proxy,118.566986,train_mse
fixed_512__learned,fixed_512,learned,124,proxy,118.576569,train_mse
fixed_512__learned,fixed_512,learned,125,proxy,118.586304,train_mse
fixed_512__learned,fixed_512,learned,126,proxy,118.594879,train_mse
fixed_512__learned,fixed_512,learned,127,proxy,118.56694,train_mse
fixed_512__learned,fixed_512,learned,128,proxy,118.568535,train_mse
fixed_512__learned,fixed_512,learned,129,proxy,118.555237,train_mse
fixed_512__learned,fixed_512,learned,130,proxy,118.572197,train_mse
fixed_512__learned,fixed_512,learned,131,proxy,118.554871,train_mse
fixed_512__learned,fixed_512,learned,132,proxy,118.577499,train_mse
fixed_512__learned,fixed_512,learned,133,proxy,118.569016,train_mse
fixed_512__learned,fixed_512,learned,134,proxy,118.566841,train_mse
fixed_512__learned,fixed_512,learned,135,proxy,118.605423,train_mse
fixed_512__learned,fixed_512,learned,136,proxy,118.582054,train_mse
fixed_512__learned,fixed_512,learned,137,proxy,118.577324,train_mse
fixed_512__learned,fixed_512,learned,138,proxy,118.57444,train_mse
fixed_512__learned,fixed_512,learned,139,proxy,118.568359,train_mse
fixed_512__learned,fixed_512,learned,140,proxy,118.550789,train_mse
fixed_512__learned,fixed_512,learned,141,proxy,118.56575,train_mse
fixed_512__learned,fixed_512,learned,142,proxy,118.553726,train_mse
fixed_512__learned,fixed_512,learned,143,proxy,118.582062,train_mse
fixed_512__learned,fixed_512,learned,144,proxy,118.592972,train_mse
fixed_512__learned,fixed_512,learned,145,proxy,118.594299,train_mse
fixed_512__learned,fixed_512,learned,146,proxy,118.576004,train_mse
fixed_512__learned,fixed_512,learned,147,proxy,118.549431,train_mse
fixed_512__learned,fixed_512,learned,148,proxy,118.558594,train_mse
fixed_512__learned,fixed_512,learned,149,proxy,118.562653,train_mse
fixed_512__learned,fixed_512,learned,150,proxy,118.568787,train_mse
fixed_512__learned,fixed_512,learned,151,proxy,118.581406,train_mse
fixed_512__learned,fixed_512,learned,152,proxy,118.557838,train_mse
fixed_512__learned,fixed_512,learned,153,proxy,118.564423,train_mse
fixed_512__learned,fixed_512,learned,154,proxy,118.574669,train_mse
fixed_512__learned,fixed_512,learned,155,proxy,118.557999,train_mse
fixed_512__learned,fixed_512,learned,156,proxy,118.560089,train_mse
fixed_512__learned,fixed_512,learned,157,proxy,118.570419,train_mse
fixed_512__learned,fixed_512,learned,158,proxy,118.559151,train_mse
fixed_512__learned,fixed_512,learned,159,proxy,118.541832,train_mse
fixed_512__learned,fixed_512,learned,160,proxy,118.560738,train_mse
fixed_512__learned,fixed_512,learned,161,proxy,118.565887,train_mse
fixed_512__learned,fixed_512,learned,162,proxy,118.587708,train_mse
fixed_512__learned,fixed_512,learned,163,proxy,118.551697,train_mse
fixed_512__learned,fixed_512,learned,164,proxy,118.573853,train_mse
fixed_512__learned,fixed_512,learned,165,proxy,118.540199,train_mse
fixed_512__learned,fixed_512,learned,166,proxy,118.550018,train_mse
fixed_512__learned,fixed_512,learned,167,proxy,118.560867,train_mse
fixed_512__learned,fixed_512,learned,168,proxy,118.567673,train_mse
fixed_512__learned,fixed_512,learned,169,proxy,118.559769,train_mse
fixed_512__learned,fixed_512,learned,170,proxy,118.553558,train_mse
fixed_512__learned,fixed_512,learned,171,proxy,118.553444,train_mse
fixed_512__learned,fixed_512,learned,172,proxy,118.565689,train_mse
fixed_512__learned,fixed_512,learned,173,proxy,118.562401,train_mse
fixed_512__learned,fixed_512,learned,174,proxy,118.56221,train_mse
fixed_512__learned,fixed_512,learned,175,proxy,118.54995,train_mse
fixed_512__learned,fixed_512,learned,176,proxy,118.55452,train_mse
fixed_512__learned,fixed_512,learned,177,proxy,118.567329,train_mse
fixed_512__learned,fixed_512,learned,178,proxy,118.554718,train_mse
fixed_512__learned,fixed_512,learned,179,proxy,118.534554,train_mse
fixed_512__learned,fixed_512,learned,180,proxy,118.565338,train_mse
fixed_512__learned,fixed_512,learned,181,proxy,118.556946,train_mse
fixed_512__learned,fixed_512,learned,182,proxy,118.588768,train_mse
fixed_512__learned,fixed_512,learned,183,proxy,118.566078,train_mse
fixed_512__learned,fixed_512,learned,184,proxy,118.529572,train_mse
fixed_512__learned,fixed_512,learned,185,proxy,118.55172,train_mse
fixed_512__learned,fixed_512,learned,186,proxy,118.558441,train_mse
fixed_512__learned,fixed_512,learned,187,proxy,118.547592,train_mse
fixed_512__learned,fixed_512,learned,188,proxy,118.546753,train_mse
fixed_512__learned,fixed_512,learned,189,proxy,118.569496,train_mse
fixed_512__learned,fixed_512,learned,190,proxy,118.569878,train_mse
fixed_512__learned,fixed_512,learned,191,proxy,118.571762,train_mse
fixed_512__learned,fixed_512,learned,192,proxy,118.569077,train_mse
fixed_512__learned,fixed_512,learned,193,proxy,118.575806,train_mse
fixed_512__learned,fixed_512,learned,194,proxy,118.547318,train_mse
fixed_512__learned,fixed_512,learned,195,proxy,118.565079,train_mse
fixed_512__learned,fixed_512,learned,196,proxy,118.567513,train_mse
fixed_512__learned,fixed_512,learned,197,proxy,118.567551,train_mse
fixed_512__learned,fixed_512,learned,198,proxy,118.57901,train_mse
fixed_512__learned,fixed_512,learned,199,proxy,118.562729,train_mse
fixed_512__learned,fixed_512,learned,200,proxy,118.562019,train_mse
fixed_512__learned,fixed_512,learned,201,proxy,118.554169,train_mse
fixed_512__learned,fixed_512,learned,202,proxy,118.56871,train_mse
fixed_512__learned,fixed_512,learned,203,proxy,118.583481,train_mse
fixed_512__learned,fixed_512,learned,204,proxy,118.562332,train_mse
fixed_512__learned,fixed_512,learned,205,proxy,118.596916,train_mse
fixed_512__learned,fixed_512,learned,206,proxy,118.592445,train_mse
fixed_512__learned,fixed_512,learned,207,proxy,118.569588,train_mse
fixed_512__learned,fixed_512,learned,208,proxy,118.597595,train_mse
fixed_512__learned,fixed_512,learned,209,proxy,118.589523,train_mse
fixed_512__learned,fixed_512,learned,210,proxy,118.560966,train_mse
fixed_512__learned,fixed_512,learned,211,proxy,118.596802,train_mse
fixed_512__learned,fixed_512,learned,212,proxy,118.570885,train_mse
fixed_512__learned,fixed_512,learned,213,proxy,118.557495,train_mse
fixed_512__learned,fixed_512,learned,214,proxy,118.611649,train_mse
fixed_512__learned,fixed_512,learned,215,proxy,118.604362,train_mse
fixed_512__learned,fixed_512,learned,216,proxy,118.624023,train_mse
fixed_512__learned,fixed_512,learned,217,proxy,118.596565,train_mse
fixed_512__learned,fixed_512,learned,218,proxy,118.586655,train_mse
fixed_512__learned,fixed_512,learned,219,proxy,118.57074,train_mse
fixed_512__learned,fixed_512,learned,220,proxy,118.592392,train_mse
fixed_512__learned,fixed_512,learned,221,proxy,118.596123,train_mse
fixed_512__learned,fixed_512,learned,222,proxy,118.592758,train_mse
fixed_512__learned,fixed_512,learned,223,proxy,118.607307,train_mse
fixed_512__learned,fixed_512,learned,224,proxy,118.590286,train_mse
fixed_512__learned,fixed_512,learned,225,proxy,118.607361,train_mse
fixed_512__learned,fixed_512,learned,226,proxy,118.604691,train_mse
fixed_512__learned,fixed_512,learned,227,proxy,118.609795,train_mse
fixed_512__learned,fixed_512,learned,228,proxy,118.600952,train_mse
fixed_512__learned,fixed_512,learned,229,proxy,118.613785,train_mse
fixed_512__learned,fixed_512,learned,230,proxy,118.619934,train_mse
fixed_512__learned,fixed_512,learned,231,proxy,118.589813,train_mse
fixed_512__learned,fixed_512,learned,232,proxy,118.585632,train_mse
fixed_512__learned,fixed_512,learned,233,proxy,118.624893,train_mse
fixed_512__learned,fixed_512,learned,234,proxy,118.573196,train_mse
fixed_512__learned,fixed_512,learned,235,proxy,118.561157,train_mse
fixed_512__learned,fixed_512,learned,236,proxy,118.596497,train_mse
fixed_512__learned,fixed_512,learned,237,proxy,118.590736,train_mse
fixed_512__learned,fixed_512,learned,238,proxy,118.581108,train_mse
fixed_512__learned,fixed_512,learned,239,proxy,118.596596,train_mse
fixed_512__learned,fixed_512,learned,240,proxy,118.598999,train_mse
fixed_512__learned,fixed_512,learned,241,proxy,118.615585,train_mse
fixed_512__learned,fixed_512,learned,242,proxy,118.575439,train_mse
fixed_512__learned,fixed_512,learned,243,proxy,118.586426,train_mse
fixed_512__learned,fixed_512,learned,244,proxy,118.576324,train_mse
fixed_512__learned,fixed_512,learned,245,proxy,118.579224,train_mse
fixed_512__learned,fixed_512,learned,246,proxy,118.581238,train_mse
fixed_512__learned,fixed_512,learned,247,proxy,118.60466,train_mse
fixed_512__learned,fixed_512,learned,248,proxy,118.59848,train_mse
fixed_512__learned,fixed_512,learned,249,proxy,118.602859,train_mse
fixed_512__learned,fixed_512,learned,250,proxy,118.574295,train_mse
fixed_512__learned,fixed_512,learned,251,proxy,118.584671,train_mse
fixed_512__learned,fixed_512,learned,252,proxy,118.584091,train_mse
fixed_512__learned,fixed_512,learned,253,proxy,118.567635,train_mse
fixed_512__learned,fixed_512,learned,254,proxy,118.564331,train_mse
fixed_512__learned,fixed_512,learned,255,proxy,118.560532,train_mse
fixed_512__learned,fixed_512,learned,256,proxy,118.611145,train_mse
fixed_512__learned,fixed_512,learned,257,proxy,118.577011,train_mse
fixed_512__learned,fixed_512,learned,258,proxy,118.592316,train_mse
fixed_512__learned,fixed_512,learned,259,proxy,118.586761,train_mse
fixed_512__learned,fixed_512,learned,260,proxy,118.582932,train_mse
fixed_512__learned,fixed_512,learned,261,proxy,118.542191,train_mse
fixed_512__learned,fixed_512,learned,262,proxy,118.575455,train_mse
fixed_512__learned,fixed_512,learned,263,proxy,118.554214,train_mse
fixed_512__learned,fixed_512,learned,264,proxy,118.5755,train_mse
fixed_512__learned,fixed_512,learned,265,proxy,118.583298,train_mse
fixed_512__learned,fixed_512,learned,266,proxy,118.578087,train_mse
fixed_512__learned,fixed_512,learned,267,proxy,118.574203,train_mse
fixed_512__learned,fixed_512,learned,268,proxy,118.580353,train_mse
fixed_512__learned,fixed_512,learned,269,proxy,118.576309,train_mse
fixed_512__learned,fixed_512,learned,270,proxy,118.570877,train_mse
fixed_512__learned,fixed_512,learned,271,proxy,118.555817,train_mse
fixed_512__learned,fixed_512,learned,272,proxy,118.574501,train_mse
fixed_512__learned,fixed_512,learned,273,proxy,118.563293,train_mse
fixed_512__learned,fixed_512,learned,274,proxy,118.590118,train_mse
fixed_512__learned,fixed_512,learned,275,proxy,118.58522,train_mse
fixed_512__learned,fixed_512,learned,276,proxy,118.575821,train_mse
fixed_512__learned,fixed_512,learned,277,proxy,118.582336,train_mse
fixed_512__learned,fixed_512,learned,278,proxy,118.563698,train_mse
fixed_512__learned,fixed_512,learned,279,proxy,118.588005,train_mse
fixed_512__learned,fixed_512,learned,280,proxy,118.551178,train_mse
fixed_512__learned,fixed_512,learned,281,proxy,118.58989,train_mse
fixed_512__learned,fixed_512,learned,282,proxy,118.591743,train_mse
fixed_512__learned,fixed_512,learned,283,proxy,118.560204,train_mse
fixed_512__learned,fixed_512,learned,284,proxy,118.571243,train_mse
fixed_512__learned,fixed_512,learned,285,proxy,118.582581,train_mse
fixed_512__learned,fixed_512,learned,286,proxy,118.569725,train_mse
fixed_512__learned,fixed_512,learned,287,proxy,118.59375,train_mse
fixed_512__learned,fixed_512,learned,288,proxy,118.602692,train_mse
fixed_512__learned,fixed_512,learned,289,proxy,118.589844,train_mse
fixed_512__learned,fixed_512,learned,290,proxy,118.602264,train_mse
fixed_512__learned,fixed_512,learned,291,proxy,118.57753,train_mse
fixed_512__learned,fixed_512,learned,292,proxy,118.564484,train_mse
fixed_512__learned,fixed_512,learned,293,proxy,118.572601,train_mse
fixed_512__learned,fixed_512,learned,294,proxy,118.583496,train_mse
fixed_512__learned,fixed_512,learned,295,proxy,118.546799,train_mse
fixed_512__learned,fixed_512,learned,296,proxy,118.560516,train_mse
fixed_512__learned,fixed_512,learned,297,proxy,118.567703,train_mse
fixed_512__learned,fixed_512,learned,298,proxy,118.571754,train_mse
fixed_512__learned,fixed_512,learned,299,proxy,118.573151,train_mse
fixed_512__learned,fixed_512,learned,300,proxy,118.590927,train_mse
fixed_512__learned,fixed_512,learned,301,proxy,118.587738,train_mse
fixed_512__learned,fixed_512,learned,302,proxy,118.596176,train_mse
fixed_512__learned,fixed_512,learned,303,proxy,118.575821,train_mse
fixed_512__learned,fixed_512,learned,304,proxy,118.5793,train_mse
fixed_512__learned,fixed_512,learned,305,proxy,118.568123,train_mse
fixed_512__learned,fixed_512,learned,306,proxy,118.554977,train_mse
fixed_512__learned,fixed_512,learned,307,proxy,118.566452,train_mse
fixed_512__learned,fixed_512,learned,308,proxy,118.556915,train_mse
fixed_512__learned,fixed_512,learned,309,proxy,118.580032,train_mse
fixed_512__learned,fixed_512,learned,310,proxy,118.569038,train_mse
fixed_512__learned,fixed_512,learned,311,proxy,118.591385,train_mse
fixed_512__learned,fixed_512,learned,312,proxy,118.584938,train_mse
fixed_512__learned,fixed_512,learned,313,proxy,118.619385,train_mse
fixed_512__learned,fixed_512,learned,314,proxy,118.599411,train_mse
fixed_512__learned,fixed_512,learned,315,proxy,118.604279,train_mse
fixed_512__learned,fixed_512,learned,316,proxy,118.603027,train_mse
fixed_512__learned,fixed_512,learned,317,proxy,118.605347,train_mse
fixed_512__learned,fixed_512,learned,318,proxy,118.624092,train_mse
fixed_512__learned,fixed_512,learned,319,proxy,118.597328,train_mse
fixed_512__learned,fixed_512,learned,320,proxy,118.602402,train_mse
fixed_512__learned,fixed_512,learned,321,proxy,118.604523,train_mse
fixed_512__learned,fixed_512,learned,322,proxy,118.6343,train_mse
fixed_512__learned,fixed_512,learned,323,proxy,118.613068,train_mse
fixed_512__learned,fixed_512,learned,324,proxy,118.63147,train_mse
fixed_512__learned,fixed_512,learned,325,proxy,118.576889,train_mse
fixed_512__learned,fixed_512,learned,326,proxy,118.569641,train_mse
fixed_512__learned,fixed_512,learned,327,proxy,118.556274,train_mse
fixed_512__learned,fixed_512,learned,328,proxy,118.596588,train_mse
fixed_512__learned,fixed_512,learned,329,proxy,118.597488,train_mse
fixed_512__learned,fixed_512,learned,330,proxy,118.605186,train_mse
fixed_512__learned,fixed_512,learned,331,proxy,118.599213,train_mse
fixed_512__learned,fixed_512,learned,332,proxy,118.586388,train_mse
fixed_512__learned,fixed_512,learned,333,proxy,118.592545,train_mse
fixed_512__learned,fixed_512,learned,334,proxy,118.59697,train_mse
fixed_512__learned,fixed_512,learned,335,proxy,118.585442,train_mse
fixed_512__learned,fixed_512,learned,336,proxy,118.583466,train_mse
fixed_512__learned,fixed_512,learned,337,proxy,118.583694,train_mse
fixed_512__learned,fixed_512,learned,338,proxy,118.577026,train_mse
fixed_512__learned,fixed_512,learned,339,proxy,118.588379,train_mse
fixed_512__learned,fixed_512,learned,340,proxy,118.588699,train_mse
fixed_512__learned,fixed_512,learned,341,proxy,118.580238,train_mse
fixed_512__learned,fixed_512,learned,342,proxy,118.594582,train_mse
fixed_512__learned,fixed_512,learned,343,proxy,118.606094,train_mse
fixed_512__learned,fixed_512,learned,344,proxy,118.619339,train_mse
fixed_512__learned,fixed_512,learned,345,proxy,118.582558,train_mse
fixed_512__learned,fixed_512,learned,346,proxy,118.579254,train_mse
fixed_512__learned,fixed_512,learned,347,proxy,118.59565,train_mse
fixed_512__learned,fixed_512,learned,348,proxy,118.598221,train_mse
fixed_512__learned,fixed_512,learned,349,proxy,118.562012,train_mse
fixed_512__learned,fixed_512,learned,350,proxy,118.591911,train_mse
fixed_512__learned,fixed_512,learned,351,proxy,118.59211,train_mse
fixed_512__learned,fixed_512,learned,352,proxy,118.563805,train_mse
fixed_512__learned,fixed_512,learned,353,proxy,118.593872,train_mse
fixed_512__learned,fixed_512,learned,354,proxy,118.605423,train_mse
fixed_512__learned,fixed_512,learned,355,proxy,118.598343,train_mse
fixed_512__learned,fixed_512,learned,356,proxy,118.590073,train_mse
fixed_512__learned,fixed_512,learned,357,proxy,118.600777,train_mse
fixed_512__learned,fixed_512,learned,358,proxy,118.575455,train_mse
fixed_512__learned,fixed_512,learned,359,proxy,118.586082,train_mse
fixed_512__learned,fixed_512,learned,360,proxy,118.595871,train_mse
fixed_512__learned,fixed_512,learned,361,proxy,118.595901,train_mse
fixed_512__learned,fixed_512,learned,362,proxy,118.600662,train_mse
fixed_512__learned,fixed_512,learned,363,proxy,118.610184,train_mse
fixed_512__learned,fixed_512,learned,364,proxy,118.589745,train_mse
fixed_512__learned,fixed_512,learned,365,proxy,118.573502,train_mse
fixed_512__learned,fixed_512,learned,366,proxy,118.5672,train_mse
fixed_512__learned,fixed_512,learned,367,proxy,118.574783,train_mse
fixed_512__learned,fixed_512,learned,368,proxy,118.553879,train_mse
fixed_512__learned,fixed_512,learned,369,proxy,118.576523,train_mse
fixed_512__learned,fixed_512,learned,370,proxy,118.572029,train_mse
fixed_512__learned,fixed_512,learned,371,proxy,118.567307,train_mse
fixed_512__learned,fixed_512,learned,372,proxy,118.570473,train_mse
fixed_512__learned,fixed_512,learned,373,proxy,118.575333,train_mse
fixed_512__learned,fixed_512,learned,374,proxy,118.576889,train_mse
fixed_512__learned,fixed_512,learned,375,proxy,118.57991,train_mse
fixed_512__learned,fixed_512,learned,376,proxy,118.578438,train_mse
fixed_512__learned,fixed_512,learned,377,proxy,118.5616,train_mse
fixed_512__learned,fixed_512,learned,378,proxy,118.579865,train_mse
fixed_512__learned,fixed_512,learned,379,proxy,118.577362,train_mse
fixed_512__learned,fixed_512,learned,380,proxy,118.556488,train_mse
fixed_512__learned,fixed_512,learned,381,proxy,118.575371,train_mse
fixed_512__learned,fixed_512,learned,382,proxy,118.579361,train_mse
fixed_512__learned,fixed_512,learned,383,proxy,118.583183,train_mse
fixed_512__learned,fixed_512,learned,384,proxy,118.603363,train_mse
fixed_512__learned,fixed_512,learned,385,proxy,118.612396,train_mse
fixed_512__learned,fixed_512,learned,386,proxy,118.579712,train_mse
fixed_512__learned,fixed_512,learned,387,proxy,118.562515,train_mse
fixed_512__learned,fixed_512,learned,388,proxy,118.5755,train_mse
fixed_512__learned,fixed_512,learned,389,proxy,118.584282,train_mse
fixed_512__learned,fixed_512,learned,390,proxy,118.595245,train_mse
fixed_512__learned,fixed_512,learned,391,proxy,118.587082,train_mse
fixed_512__learned,fixed_512,learned,392,proxy,118.611053,train_mse
fixed_512__learned,fixed_512,learned,393,proxy,118.614571,train_mse
fixed_512__learned,fixed_512,learned,394,proxy,118.580078,train_mse
fixed_512__learned,fixed_512,learned,395,proxy,118.574013,train_mse
fixed_512__learned,fixed_512,learned,396,proxy,118.588463,train_mse
fixed_512__learned,fixed_512,learned,397,proxy,118.607758,train_mse
fixed_512__learned,fixed_512,learned,398,proxy,118.606964,train_mse
fixed_512__learned,fixed_512,learned,399,proxy,118.618271,train_mse
fixed_512__learned,fixed_512,learned,400,proxy,118.630798,train_mse
fixed_512__learned,fixed_512,learned,401,proxy,118.613403,train_mse
fixed_512__learned,fixed_512,learned,402,proxy,118.628838,train_mse
fixed_512__learned,fixed_512,learned,403,proxy,118.625282,train_mse
fixed_512__learned,fixed_512,learned,404,proxy,118.630814,train_mse
fixed_512__learned,fixed_512,learned,405,proxy,118.611137,train_mse
fixed_512__learned,fixed_512,learned,406,proxy,118.62146,train_mse
fixed_512__learned,fixed_512,learned,407,proxy,118.61937,train_mse
fixed_512__learned,fixed_512,learned,408,proxy,118.60611,train_mse
fixed_512__learned,fixed_512,learned,409,proxy,118.597397,train_mse
fixed_512__learned,fixed_512,learned,410,proxy,118.597885,train_mse
fixed_512__learned,fixed_512,learned,411,proxy,118.583221,train_mse
fixed_512__learned,fixed_512,learned,412,proxy,118.596596,train_mse
fixed_512__learned,fixed_512,learned,413,proxy,118.585449,train_mse
fixed_512__learned,fixed_512,learned,414,proxy,118.578087,train_mse
fixed_512__learned,fixed_512,learned,415,proxy,118.578674,train_mse
fixed_512__learned,fixed_512,learned,416,proxy,118.569321,train_mse
fixed_512__learned,fixed_512,learned,417,proxy,118.598587,train_mse
fixed_512__learned,fixed_512,learned,418,proxy,118.596817,train_mse
fixed_512__learned,fixed_512,learned,419,proxy,118.57489,train_mse
fixed_512__learned,fixed_512,learned,420,proxy,118.597664,train_mse
fixed_512__learned,fixed_512,learned,421,proxy,118.580124,train_mse
fixed_512__learned,fixed_512,learned,422,proxy,118.592636,train_mse
fixed_512__learned,fixed_512,learned,423,proxy,118.573891,train_mse
fixed_512__learned,fixed_512,learned,424,proxy,118.59687,train_mse
fixed_512__learned,fixed_512,learned,425,proxy,118.58461,train_mse
fixed_512__learned,fixed_512,learned,426,proxy,118.59417,train_mse
fixed_512__learned,fixed_512,learned,427,proxy,118.57312,train_mse
fixed_512__learned,fixed_512,learned,428,proxy,118.557785,train_mse
fixed_512__learned,fixed_512,learned,429,proxy,118.57872,train_mse
fixed_512__learned,fixed_512,learned,430,proxy,118.611801,train_mse
fixed_512__learned,fixed_512,learned,431,proxy,118.602837,train_mse
fixed_512__learned,fixed_512,learned,432,proxy,118.623413,train_mse
fixed_512__learned,fixed_512,learned,433,proxy,118.629082,train_mse
fixed_512__learned,fixed_512,learned,434,proxy,118.632057,train_mse
fixed_512__learned,fixed_512,learned,435,proxy,118.62635,train_mse
fixed_512__learned,fixed_512,learned,436,proxy,118.60202,train_mse
fixed_512__learned,fixed_512,learned,437,proxy,118.602051,train_mse
fixed_512__learned,fixed_512,learned,438,proxy,118.616241,train_mse
fixed_512__learned,fixed_512,learned,439,proxy,118.620216,train_mse
fixed_512__learned,fixed_512,learned,440,proxy,118.639969,train_mse
fixed_512__learned,fixed_512,learned,441,proxy,118.599365,train_mse
fixed_512__learned,fixed_512,learned,442,proxy,118.609596,train_mse
fixed_512__learned,fixed_512,learned,443,proxy,118.580406,train_mse
fixed_512__learned,fixed_512,learned,444,proxy,118.578445,train_mse
fixed_512__learned,fixed_512,learned,445,proxy,118.570267,train_mse
fixed_512__learned,fixed_512,learned,446,proxy,118.571831,train_mse
fixed_512__learned,fixed_512,learned,447,proxy,118.581635,train_mse
fixed_512__learned,fixed_512,learned,448,proxy,118.580978,train_mse
fixed_512__learned,fixed_512,learned,449,proxy,118.571396,train_mse
fixed_512__learned,fixed_512,learned,450,proxy,118.569321,train_mse
fixed_512__learned,fixed_512,learned,451,proxy,118.565369,train_mse
fixed_512__learned,fixed_512,learned,452,proxy,118.578209,train_mse
fixed_512__learned,fixed_512,learned,453,proxy,118.567734,train_mse
fixed_512__learned,fixed_512,learned,454,proxy,118.583946,train_mse
fixed_512__learned,fixed_512,learned,455,proxy,118.611191,train_mse
fixed_512__learned,fixed_512,learned,456,proxy,118.610405,train_mse
fixed_512__learned,fixed_512,learned,457,proxy,118.631874,train_mse
fixed_512__learned,fixed_512,learned,458,proxy,118.603928,train_mse
fixed_512__learned,fixed_512,learned,459,proxy,118.601654,train_mse
fixed_512__learned,fixed_512,learned,460,proxy,118.633965,train_mse
fixed_512__learned,fixed_512,learned,461,proxy,118.634926,train_mse
fixed_512__learned,fixed_512,learned,462,proxy,118.61544,train_mse
fixed_512__learned,fixed_512,learned,463,proxy,118.608391,train_mse
fixed_512__learned,fixed_512,learned,464,proxy,118.631042,train_mse
fixed_512__learned,fixed_512,learned,465,proxy,118.614876,train_mse
fixed_512__learned,fixed_512,learned,466,proxy,118.58651,train_mse
fixed_512__learned,fixed_512,learned,467,proxy,118.600067,train_mse
fixed_512__learned,fixed_512,learned,468,proxy,118.619377,train_mse
fixed_512__learned,fixed_512,learned,469,proxy,118.586655,train_mse
fixed_512__learned,fixed_512,learned,470,proxy,118.605606,train_mse
fixed_512__learned,fixed_512,learned,471,proxy,118.586349,train_mse
fixed_512__learned,fixed_512,learned,472,proxy,118.59201,train_mse
fixed_512__learned,fixed_512,learned,473,proxy,118.585754,train_mse
fixed_512__learned,fixed_512,learned,474,proxy,118.598526,train_mse
fixed_512__learned,fixed_512,learned,475,proxy,118.630974,train_mse
fixed_512__learned,fixed_512,learned,476,proxy,118.625999,train_mse
fixed_512__learned,fixed_512,learned,477,proxy,118.604691,train_mse
fixed_512__learned,fixed_512,learned,478,proxy,118.608963,train_mse
fixed_512__learned,fixed_512,learned,479,proxy,118.615883,train_mse
fixed_512__learned,fixed_512,learned,480,proxy,118.61599,train_mse
fixed_512__learned,fixed_512,learned,481,proxy,118.62558,train_mse
fixed_512__learned,fixed_512,learned,482,proxy,118.601395,train_mse
fixed_512__learned,fixed_512,learned,483,proxy,118.601624,train_mse
fixed_512__learned,fixed_512,learned,484,proxy,118.59903,train_mse
fixed_512__learned,fixed_512,learned,485,proxy,118.615936,train_mse
fixed_512__learned,fixed_512,learned,486,proxy,118.615952,train_mse
fixed_512__learned,fixed_512,learned,487,proxy,118.632393,train_mse
fixed_512__learned,fixed_512,learned,488,proxy,118.613304,train_mse
fixed_512__learned,fixed_512,learned,489,proxy,118.607864,train_mse
fixed_512__learned,fixed_512,learned,490,proxy,118.578072,train_mse
fixed_512__learned,fixed_512,learned,491,proxy,118.586464,train_mse
fixed_512__learned,fixed_512,learned,492,proxy,118.609909,train_mse
fixed_512__learned,fixed_512,learned,493,proxy,118.597198,train_mse
fixed_512__learned,fixed_512,learned,494,proxy,118.602196,train_mse
fixed_512__learned,fixed_512,learned,495,proxy,118.618698,train_mse
fixed_512__learned,fixed_512,learned,496,proxy,118.618721,train_mse
fixed_512__learned,fixed_512,learned,497,proxy,118.626991,train_mse
fixed_512__learned,fixed_512,learned,498,proxy,118.625496,train_mse
fixed_512__learned,fixed_512,learned,499,proxy,118.638367,train_mse
fixed_512__learned,fixed_512,learned,500,proxy,118.614426,train_mse
fixed_512__learned,fixed_512,learned,501,proxy,118.632904,train_mse
fixed_512__learned,fixed_512,learned,502,proxy,118.607079,train_mse
fixed_512__learned,fixed_512,learned,503,proxy,118.614868,train_mse
fixed_512__learned,fixed_512,learned,504,proxy,118.636169,train_mse
fixed_512__learned,fixed_512,learned,505,proxy,118.608673,train_mse
fixed_512__learned,fixed_512,learned,506,proxy,118.614151,train_mse
fixed_512__learned,fixed_512,learned,507,proxy,118.625168,train_mse
fixed_512__learned,fixed_512,learned,508,proxy,118.624016,train_mse
fixed_512__learned,fixed_512,learned,509,proxy,118.619881,train_mse
fixed_512__learned,fixed_512,learned,510,proxy,118.61689,train_mse
fixed_512__learned,fixed_512,learned,511,proxy,118.624474,train_mse
fixed_512__learned,fixed_512,learned,512,proxy,118.636871,train_mse
fixed_512__learned,fixed_512,learned,513,exact,70.007568,train_mse
