{
  "task_name": "MMLongBench-doc",
  "n_raw_queries": 838,
  "n_raw_candidates": 6492,
  "n_queries": 838,
  "n_candidates": 6492,
  "n_train_vectors": 51779,
  "n_skipped_queries": 0,
  "n_skipped_candidates": 0,
  "query_keep_rate": 1.0,
  "candidate_keep_rate": 1.0,
  "metrics": {
    "hit@1": 0.24343675417661098,
    "precision@1": 0.24343675417661098,
    "recall@1": 0.00697780300401014,
    "mrr@1": 0.24343675417661098,
    "hit@10": 0.38782816229116945,
    "precision@10": 0.248090692124105,
    "recall@10": 0.0681622136504603,
    "mrr@10": 0.28596857597454256,
    "hit@50": 0.5095465393794749,
    "precision@50": 0.19038186157517903,
    "recall@50": 0.21247536152495988,
    "mrr@50": 0.29141588125356527,
    "hit@100": 0.5596658711217184,
    "precision@100": 0.14649164677804297,
    "recall@100": 0.2975135750718032,
    "mrr@100": 0.29214387966618394
  }
}