{
  "task_name": "MSCOCO_t2i",
  "n_raw_queries": 1000,
  "n_raw_candidates": 1002,
  "n_queries": 1000,
  "n_candidates": 1002,
  "n_train_vectors": 51779,
  "n_skipped_queries": 0,
  "n_skipped_candidates": 0,
  "query_keep_rate": 1.0,
  "candidate_keep_rate": 1.0,
  "metrics": {
    "hit@1": 0.174,
    "precision@1": 0.174,
    "recall@1": 0.174,
    "mrr@1": 0.174,
    "hit@10": 0.553,
    "precision@10": 0.055299999999999995,
    "recall@10": 0.553,
    "mrr@10": 0.2800642857142857,
    "hit@50": 0.855,
    "precision@50": 0.017099999999999997,
    "recall@50": 0.855,
    "mrr@50": 0.2958169904395869,
    "hit@100": 0.916,
    "precision@100": 0.00916,
    "recall@100": 0.916,
    "mrr@100": 0.2967384853651641
  }
}