{
  "task_name": "QVHighlight",
  "n_raw_queries": 1083,
  "n_raw_candidates": 11913,
  "n_queries": 1083,
  "n_candidates": 11913,
  "n_train_vectors": 51779,
  "n_skipped_queries": 0,
  "n_skipped_candidates": 0,
  "query_keep_rate": 1.0,
  "candidate_keep_rate": 1.0,
  "metrics": {
    "hit@1": 0.06740535549399815,
    "precision@1": 0.06740535549399815,
    "recall@1": 0.06740535549399815,
    "mrr@1": 0.06740535549399815,
    "hit@10": 0.2520775623268698,
    "precision@10": 0.025207756232686982,
    "recall@10": 0.2520775623268698,
    "mrr@10": 0.11649445250553284,
    "hit@50": 0.4930747922437673,
    "precision@50": 0.009861495844875346,
    "recall@50": 0.4930747922437673,
    "mrr@50": 0.12832955360842907,
    "hit@100": 0.61865189289012,
    "precision@100": 0.0061865189289012,
    "recall@100": 0.61865189289012,
    "mrr@100": 0.13010893403738816
  }
}