{
  "task_name": "ViDoRe_docvqa",
  "n_raw_queries": 451,
  "n_raw_candidates": 500,
  "n_queries": 448,
  "n_candidates": 497,
  "n_train_vectors": 51779,
  "n_skipped_queries": 3,
  "n_skipped_candidates": 3,
  "query_keep_rate": 0.9933481152993349,
  "candidate_keep_rate": 0.994,
  "metrics": {
    "hit@1": 0.03794642857142857,
    "precision@1": 0.03794642857142857,
    "recall@1": 0.03794642857142857,
    "mrr@1": 0.03794642857142857,
    "hit@10": 0.17633928571428573,
    "precision@10": 0.017633928571428575,
    "recall@10": 0.17466517857142858,
    "mrr@10": 0.07051622732426303,
    "hit@50": 0.47098214285714285,
    "precision@50": 0.009508928571428571,
    "recall@50": 0.4605282738095238,
    "mrr@50": 0.08289023911032493,
    "hit@100": 0.6316964285714286,
    "precision@100": 0.006562499999999999,
    "recall@100": 0.6197172619047618,
    "mrr@100": 0.08512187389552073
  }
}