{
  "task_name": "ImageNet-1K",
  "n_raw_queries": 1000,
  "n_raw_candidates": 1000,
  "n_queries": 1000,
  "n_candidates": 1000,
  "n_train_vectors": 51779,
  "n_skipped_queries": 0,
  "n_skipped_candidates": 0,
  "query_keep_rate": 1.0,
  "candidate_keep_rate": 1.0,
  "metrics": {
    "hit@1": 0.005,
    "precision@1": 0.005,
    "recall@1": 0.005,
    "mrr@1": 0.005,
    "hit@10": 0.049,
    "precision@10": 0.004900000000000001,
    "recall@10": 0.049,
    "mrr@10": 0.012301190476190478,
    "hit@50": 0.355,
    "precision@50": 0.007100000000000001,
    "recall@50": 0.355,
    "mrr@50": 0.026219393132179414,
    "hit@100": 0.566,
    "precision@100": 0.00566,
    "recall@100": 0.566,
    "mrr@100": 0.02911097414385712
  }
}