{
  "task_name": "MMLongBench-doc",
  "n_raw_queries": 838,
  "n_raw_candidates": 6492,
  "n_queries": 838,
  "n_candidates": 6492,
  "n_train_vectors": 51779,
  "n_skipped_queries": 0,
  "n_skipped_candidates": 0,
  "query_keep_rate": 1.0,
  "candidate_keep_rate": 1.0,
  "metrics": {
    "hit@1": 0.21241050119331742,
    "precision@1": 0.21241050119331742,
    "recall@1": 0.0060003576911516815,
    "mrr@1": 0.21241050119331742,
    "hit@10": 0.4116945107398568,
    "precision@10": 0.1532219570405728,
    "recall@10": 0.03789538807442933,
    "mrr@10": 0.2737285486987157,
    "hit@50": 0.5572792362768496,
    "precision@50": 0.09914081145584727,
    "recall@50": 0.10866248997469598,
    "mrr@50": 0.28048025470656124,
    "hit@100": 0.6002386634844868,
    "precision@100": 0.07881861575178997,
    "recall@100": 0.16548125755114104,
    "mrr@100": 0.281090851972676
  }
}