{
  "task_name": "QVHighlight",
  "n_raw_queries": 1083,
  "n_raw_candidates": 11913,
  "n_queries": 1083,
  "n_candidates": 11913,
  "n_train_vectors": 51779,
  "n_skipped_queries": 0,
  "n_skipped_candidates": 0,
  "query_keep_rate": 1.0,
  "candidate_keep_rate": 1.0,
  "metrics": {
    "hit@1": 0.04155124653739612,
    "precision@1": 0.04155124653739612,
    "recall@1": 0.04155124653739612,
    "mrr@1": 0.04155124653739612,
    "hit@10": 0.17174515235457063,
    "precision@10": 0.017174515235457065,
    "recall@10": 0.17174515235457063,
    "mrr@10": 0.07427560128391154,
    "hit@50": 0.3896583564173592,
    "precision@50": 0.007793167128347183,
    "recall@50": 0.3896583564173592,
    "mrr@50": 0.08406325024567045,
    "hit@100": 0.5013850415512465,
    "precision@100": 0.005013850415512465,
    "recall@100": 0.5013850415512465,
    "mrr@100": 0.08564967088953963
  }
}