{
  "task_name": "ViDoRe_docvqa",
  "n_raw_queries": 451,
  "n_raw_candidates": 500,
  "n_queries": 448,
  "n_candidates": 497,
  "n_train_vectors": 51779,
  "n_skipped_queries": 3,
  "n_skipped_candidates": 3,
  "query_keep_rate": 0.9933481152993349,
  "candidate_keep_rate": 0.994,
  "metrics": {
    "hit@1": 0.060267857142857144,
    "precision@1": 0.060267857142857144,
    "recall@1": 0.05915178571428571,
    "mrr@1": 0.060267857142857144,
    "hit@10": 0.234375,
    "precision@10": 0.0234375,
    "recall@10": 0.22840401785714287,
    "mrr@10": 0.11100393282312924,
    "hit@50": 0.453125,
    "precision@50": 0.009241071428571428,
    "recall@50": 0.4391369047619048,
    "mrr@50": 0.12093193831712704,
    "hit@100": 0.5848214285714286,
    "precision@100": 0.0060491071428571425,
    "recall@100": 0.5710565476190476,
    "mrr@100": 0.12278838475360687
  }
}