{
  "task_name": "MMLongBench-doc",
  "n_raw_queries": 838,
  "n_raw_candidates": 6492,
  "n_queries": 838,
  "n_candidates": 6492,
  "n_train_vectors": 51779,
  "n_skipped_queries": 0,
  "n_skipped_candidates": 0,
  "query_keep_rate": 1.0,
  "candidate_keep_rate": 1.0,
  "metrics": {
    "hit@1": 0.14439140811455847,
    "precision@1": 0.14439140811455847,
    "recall@1": 0.0036079688338472565,
    "mrr@1": 0.14439140811455847,
    "hit@10": 0.3448687350835322,
    "precision@10": 0.12565632458233889,
    "recall@10": 0.02997527090175593,
    "mrr@10": 0.20040298139940144,
    "hit@50": 0.49522673031026254,
    "precision@50": 0.10047732696897375,
    "recall@50": 0.10402159548123428,
    "mrr@50": 0.20766964238442354,
    "hit@100": 0.5572792362768496,
    "precision@100": 0.08562052505966587,
    "recall@100": 0.1643938800869099,
    "mrr@100": 0.20857705650585193
  }
}