{
  "task_name": "QVHighlight",
  "n_raw_queries": 1083,
  "n_raw_candidates": 11913,
  "n_queries": 1083,
  "n_candidates": 11913,
  "n_train_vectors": 51779,
  "n_skipped_queries": 0,
  "n_skipped_candidates": 0,
  "query_keep_rate": 1.0,
  "candidate_keep_rate": 1.0,
  "metrics": {
    "hit@1": 0.0110803324099723,
    "precision@1": 0.0110803324099723,
    "recall@1": 0.0110803324099723,
    "mrr@1": 0.0110803324099723,
    "hit@10": 0.09141274238227147,
    "precision@10": 0.009141274238227148,
    "recall@10": 0.09141274238227147,
    "mrr@10": 0.030616013718506793,
    "hit@50": 0.23822714681440443,
    "precision@50": 0.004764542936288089,
    "recall@50": 0.23822714681440443,
    "mrr@50": 0.03703662761978665,
    "hit@100": 0.3591874422899354,
    "precision@100": 0.003591874422899354,
    "recall@100": 0.3591874422899354,
    "mrr@100": 0.03877394717122426
  }
}