{
  "task_name": "ViDoRe_docvqa",
  "n_raw_queries": 451,
  "n_raw_candidates": 500,
  "n_queries": 448,
  "n_candidates": 497,
  "n_train_vectors": 51779,
  "n_skipped_queries": 3,
  "n_skipped_candidates": 3,
  "query_keep_rate": 0.9933481152993349,
  "candidate_keep_rate": 0.994,
  "metrics": {
    "hit@1": 0.04017857142857143,
    "precision@1": 0.04017857142857143,
    "recall@1": 0.04017857142857143,
    "mrr@1": 0.04017857142857143,
    "hit@10": 0.13392857142857142,
    "precision@10": 0.013392857142857142,
    "recall@10": 0.1300967261904762,
    "mrr@10": 0.06324227607709751,
    "hit@50": 0.32589285714285715,
    "precision@50": 0.006651785714285714,
    "recall@50": 0.3170386904761905,
    "mrr@50": 0.0717184390298649,
    "hit@100": 0.484375,
    "precision@100": 0.005022321428571429,
    "recall@100": 0.47310267857142857,
    "mrr@100": 0.0738463606296144
  }
}