{
  "task_name": "Kinetics-700",
  "n_raw_queries": 1000,
  "n_raw_candidates": 519,
  "n_queries": 1000,
  "n_candidates": 519,
  "n_train_vectors": 51779,
  "n_skipped_queries": 0,
  "n_skipped_candidates": 0,
  "query_keep_rate": 1.0,
  "candidate_keep_rate": 1.0,
  "metrics": {
    "hit@1": 0.095,
    "precision@1": 0.095,
    "recall@1": 0.095,
    "mrr@1": 0.095,
    "hit@10": 0.484,
    "precision@10": 0.04839999999999999,
    "recall@10": 0.484,
    "mrr@10": 0.2022496031746032,
    "hit@50": 0.778,
    "precision@50": 0.01556,
    "recall@50": 0.778,
    "mrr@50": 0.2162523323092859,
    "hit@100": 0.882,
    "precision@100": 0.00882,
    "recall@100": 0.882,
    "mrr@100": 0.21780644616134254
  }
}