{
  "task_name": "MMLongBench-doc",
  "n_raw_queries": 838,
  "n_raw_candidates": 6492,
  "n_queries": 838,
  "n_candidates": 6492,
  "n_train_vectors": 51779,
  "n_skipped_queries": 0,
  "n_skipped_candidates": 0,
  "query_keep_rate": 1.0,
  "candidate_keep_rate": 1.0,
  "metrics": {
    "hit@1": 0.38424821002386633,
    "precision@1": 0.38424821002386633,
    "recall@1": 0.011211107838464159,
    "mrr@1": 0.38424821002386633,
    "hit@10": 0.5047732696897375,
    "precision@10": 0.3659904534606206,
    "recall@10": 0.10640293933173975,
    "mrr@10": 0.42051180058339965,
    "hit@50": 0.6050119331742243,
    "precision@50": 0.23434367541766113,
    "recall@50": 0.285974570655632,
    "mrr@50": 0.4251027889602462,
    "hit@100": 0.6551312649164678,
    "precision@100": 0.16402147971360384,
    "recall@100": 0.37040939038865345,
    "mrr@100": 0.42579532531410424
  }
}