{
  "task_name": "QVHighlight",
  "n_raw_queries": 1083,
  "n_raw_candidates": 11913,
  "n_queries": 1083,
  "n_candidates": 11913,
  "n_train_vectors": 51779,
  "n_skipped_queries": 0,
  "n_skipped_candidates": 0,
  "query_keep_rate": 1.0,
  "candidate_keep_rate": 1.0,
  "metrics": {
    "hit@1": 0.06925207756232687,
    "precision@1": 0.06925207756232687,
    "recall@1": 0.06925207756232687,
    "mrr@1": 0.06925207756232687,
    "hit@10": 0.3074792243767313,
    "precision@10": 0.030747922437673127,
    "recall@10": 0.3074792243767313,
    "mrr@10": 0.13006566122909613,
    "hit@50": 0.569713758079409,
    "precision@50": 0.011394275161588181,
    "recall@50": 0.569713758079409,
    "mrr@50": 0.14257788780900538,
    "hit@100": 0.6703601108033241,
    "precision@100": 0.006703601108033241,
    "recall@100": 0.6703601108033241,
    "mrr@100": 0.1440353184371881
  }
}