{
  "task_name": "ViDoRe_docvqa",
  "n_raw_queries": 451,
  "n_raw_candidates": 500,
  "n_queries": 448,
  "n_candidates": 497,
  "n_train_vectors": 51779,
  "n_skipped_queries": 3,
  "n_skipped_candidates": 3,
  "query_keep_rate": 0.9933481152993349,
  "candidate_keep_rate": 0.994,
  "metrics": {
    "hit@1": 0.060267857142857144,
    "precision@1": 0.060267857142857144,
    "recall@1": 0.05766369047619048,
    "mrr@1": 0.060267857142857144,
    "hit@10": 0.22321428571428573,
    "precision@10": 0.022767857142857142,
    "recall@10": 0.22135416666666666,
    "mrr@10": 0.10365203373015873,
    "hit@50": 0.4732142857142857,
    "precision@50": 0.0096875,
    "recall@50": 0.4624813988095238,
    "mrr@50": 0.1151852295887706,
    "hit@100": 0.6004464285714286,
    "precision@100": 0.0062723214285714275,
    "recall@100": 0.5894717261904762,
    "mrr@100": 0.11703282310581524
  }
}